{
  "version": "1.0",
  "workerIdList": [
    -1,
    2,
    0
  ],
  "metrics": [
    {
      "type": "build_line",
      "endTime": 1711676593631,
      "status": "closed",
      "children": [],
      "name": "overallTime",
      "taskName": "init",
      "taskPath": "entry",
      "workerId": -1,
      "startTime": 1711676593630
    },
    {
      "type": "build_line",
      "endTime": 1711676593636,
      "status": "closed",
      "children": [],
      "name": "overallTime",
      "taskName": "init",
      "taskPath": "FunUnion3",
      "workerId": -1,
      "startTime": 1711676593636
    },
    {
      "type": "build_line",
      "endTime": 1711676632532,
      "status": "closed",
      "children": [],
      "name": "overallTime",
      "taskName": "default@PreBuild",
      "taskPath": "entry",
      "workerId": -1,
      "startTime": 1711676632526
    },
    {
      "type": "build_line",
      "endTime": 1711676632539,
      "status": "closed",
      "children": [],
      "name": "overallTime",
      "taskName": "default@MergeProfile",
      "taskPath": "entry",
      "workerId": -1,
      "startTime": 1711676632538
    },
    {
      "type": "build_line",
      "endTime": 1711676632544,
      "status": "closed",
      "children": [],
      "name": "overallTime",
      "taskName": "default@GenerateLoaderJson",
      "taskPath": "entry",
      "workerId": -1,
      "startTime": 1711676632542
    },
    {
      "type": "build_line",
      "endTime": 1711676632549,
      "status": "closed",
      "children": [],
      "name": "overallTime",
      "taskName": "default@ProcessProfile",
      "taskPath": "entry",
      "workerId": -1,
      "startTime": 1711676632548
    },
    {
      "type": "build_line",
      "endTime": 1711676632560,
      "status": "closed",
      "children": [],
      "name": "overallTime",
      "taskName": "default@PreviewProcessResource",
      "taskPath": "entry",
      "workerId": -1,
      "startTime": 1711676632552
    },
    {
      "type": "build_line",
      "endTime": 1711676632600,
      "status": "closed",
      "children": [],
      "name": "overallTime",
      "taskName": "default@PreviewCompileResource",
      "taskPath": "entry",
      "workerId": -1,
      "startTime": 1711676632564
    },
    {
      "type": "build_line",
      "endTime": 1711676632601,
      "status": "closed",
      "children": [],
      "name": "overallTime",
      "taskName": "default@PreviewHookCompileResource",
      "taskPath": "entry",
      "workerId": -1,
      "startTime": 1711676632601
    },
    {
      "type": "build_line",
      "endTime": 1711676632607,
      "status": "closed",
      "children": [],
      "name": "overallTime",
      "taskName": "default@ReplacePreviewerPage",
      "taskPath": "entry",
      "workerId": -1,
      "startTime": 1711676632603
    },
    {
      "type": "build_line",
      "endTime": 1711676632608,
      "status": "closed",
      "children": [],
      "name": "overallTime",
      "taskName": "buildPreviewerResource",
      "taskPath": "entry",
      "workerId": -1,
      "startTime": 1711676632608
    },
    {
      "type": "build_line",
      "endTime": 1711676632611,
      "status": "closed",
      "children": [],
      "name": "overallTime",
      "taskName": "default@PreviewUpdateAssets",
      "taskPath": "entry",
      "workerId": -1,
      "startTime": 1711676632609
    },
    {
      "type": "build_line",
      "endTime": 1711676636443,
      "status": "closed",
      "children": [],
      "name": "overallTime",
      "taskName": "default@PreviewArkTS",
      "taskPath": "entry",
      "workerId": -1,
      "startTime": 1711676632612
    },
    {
      "type": "build_line",
      "endTime": 1711676684854,
      "status": "closed",
      "children": [],
      "name": "overallTime",
      "taskName": "clean",
      "taskPath": "entry",
      "workerId": -1,
      "startTime": 1711676684854
    },
    {
      "type": "build_line",
      "endTime": 1711676684860,
      "status": "closed",
      "children": [],
      "name": "overallTime",
      "taskName": "default@PreBuild",
      "taskPath": "entry",
      "workerId": -1,
      "startTime": 1711676684858
    },
    {
      "type": "build_line",
      "endTime": 1711676684871,
      "status": "closed",
      "children": [],
      "name": "overallTime",
      "taskName": "default@GenerateMetadata",
      "taskPath": "entry",
      "workerId": -1,
      "startTime": 1711676684865
    },
    {
      "type": "build_line",
      "endTime": 1711676684882,
      "status": "closed",
      "children": [],
      "name": "overallTime",
      "taskName": "default@MergeProfile",
      "taskPath": "entry",
      "workerId": -1,
      "startTime": 1711676684879
    },
    {
      "type": "build_line",
      "endTime": 1711676684884,
      "status": "closed",
      "children": [],
      "name": "overallTime",
      "taskName": "default@BuildNativeWithCmake",
      "taskPath": "entry",
      "workerId": -1,
      "startTime": 1711676684884
    },
    {
      "type": "build_line",
      "endTime": 1711676684887,
      "status": "closed",
      "children": [],
      "name": "overallTime",
      "taskName": "default@GenerateLoaderJson",
      "taskPath": "entry",
      "workerId": -1,
      "startTime": 1711676684885
    },
    {
      "type": "build_line",
      "endTime": 1711676684893,
      "status": "closed",
      "children": [],
      "name": "overallTime",
      "taskName": "default@MakePackInfo",
      "taskPath": "entry",
      "workerId": -1,
      "startTime": 1711676684887
    },
    {
      "type": "build_line",
      "endTime": 1711676685008,
      "status": "closed",
      "children": [],
      "name": "overallTime",
      "taskName": "default@ProcessProfile",
      "taskPath": "entry",
      "workerId": -1,
      "startTime": 1711676684894
    },
    {
      "type": "build_line",
      "endTime": 1711676685009,
      "status": "closed",
      "children": [],
      "name": "overallTime",
      "taskName": "default@BuildNativeWithNinja",
      "taskPath": "entry",
      "workerId": -1,
      "startTime": 1711676685008
    },
    {
      "type": "build_line",
      "endTime": 1711676685012,
      "status": "closed",
      "children": [],
      "name": "overallTime",
      "taskName": "default@ProcessResource",
      "taskPath": "entry",
      "workerId": -1,
      "startTime": 1711676685010
    },
    {
      "type": "build_line",
      "endTime": 1711676685017,
      "status": "closed",
      "children": [],
      "name": "overallTime",
      "taskName": "default@ProcessLibs",
      "taskPath": "entry",
      "workerId": -1,
      "startTime": 1711676685013
    },
    {
      "type": "build_line",
      "endTime": 1711676685108,
      "status": "closed",
      "children": [],
      "name": "overallTime",
      "taskName": "default@CompileResource",
      "taskPath": "entry",
      "workerId": -1,
      "startTime": 1711676685017
    },
    {
      "type": "build_line",
      "endTime": 1711676685121,
      "status": "closed",
      "children": [],
      "name": "overallTime",
      "taskName": "default@CompileJS",
      "taskPath": "entry",
      "workerId": -1,
      "startTime": 1711676685118
    },
    {
      "type": "build_line",
      "endTime": 1711676690141,
      "status": "closed",
      "children": [],
      "name": "overallTime",
      "taskName": "default@CompileArkTS",
      "taskPath": "entry",
      "workerId": 2,
      "startTime": 1711676685117
    },
    {
      "type": "default",
      "endTime": 1711676690142,
      "status": "closed",
      "children": [
        {
          "type": "build_line",
          "endTime": 1711676690141,
          "status": "closed",
          "children": [],
          "name": "overallTime",
          "taskName": "default@CompileArkTS",
          "taskPath": "entry",
          "workerId": 2,
          "startTime": 1711676685117
        }
      ],
      "name": "overallTime",
      "taskName": "default@CompileArkTS",
      "taskPath": "entry",
      "workerId": -1,
      "startTime": 1711676685109
    },
    {
      "type": "build_line",
      "endTime": 1711676691286,
      "status": "closed",
      "children": [],
      "name": "overallTime",
      "taskName": "default@PackageHap",
      "taskPath": "entry",
      "workerId": 0,
      "startTime": 1711676690152
    },
    {
      "type": "default",
      "endTime": 1711676691286,
      "status": "closed",
      "children": [
        {
          "type": "build_line",
          "endTime": 1711676691286,
          "status": "closed",
          "children": [],
          "name": "overallTime",
          "taskName": "default@PackageHap",
          "taskPath": "entry",
          "workerId": 0,
          "startTime": 1711676690152
        }
      ],
      "name": "overallTime",
      "taskName": "default@PackageHap",
      "taskPath": "entry",
      "workerId": -1,
      "startTime": 1711676690146
    },
    {
      "type": "build_line",
      "endTime": 1711676694814,
      "status": "closed",
      "children": [],
      "name": "overallTime",
      "taskName": "default@SignHap",
      "taskPath": "entry",
      "workerId": -1,
      "startTime": 1711676691287
    },
    {
      "type": "build_line",
      "endTime": 1711676694814,
      "status": "closed",
      "children": [],
      "name": "overallTime",
      "taskName": "assembleHap",
      "taskPath": "entry",
      "workerId": -1,
      "startTime": 1711676694814
    },
    {
      "type": "build_line",
      "endTime": 1711676703899,
      "status": "closed",
      "children": [],
      "name": "overallTime",
      "taskName": "default@PreBuild",
      "taskPath": "entry",
      "workerId": -1,
      "startTime": 1711676703899
    },
    {
      "type": "build_line",
      "endTime": 1711676703902,
      "status": "closed",
      "children": [],
      "name": "overallTime",
      "taskName": "default@MergeProfile",
      "taskPath": "entry",
      "workerId": -1,
      "startTime": 1711676703900
    },
    {
      "type": "build_line",
      "endTime": 1711676703905,
      "status": "closed",
      "children": [],
      "name": "overallTime",
      "taskName": "default@GenerateLoaderJson",
      "taskPath": "entry",
      "workerId": -1,
      "startTime": 1711676703904
    },
    {
      "type": "build_line",
      "endTime": 1711676703982,
      "status": "closed",
      "children": [],
      "name": "overallTime",
      "taskName": "default@ProcessProfile",
      "taskPath": "entry",
      "workerId": -1,
      "startTime": 1711676703907
    },
    {
      "type": "build_line",
      "endTime": 1711676703986,
      "status": "closed",
      "children": [],
      "name": "overallTime",
      "taskName": "default@PreviewProcessResource",
      "taskPath": "entry",
      "workerId": -1,
      "startTime": 1711676703984
    },
    {
      "type": "build_line",
      "endTime": 1711676704148,
      "status": "closed",
      "children": [],
      "name": "overallTime",
      "taskName": "default@PreviewCompileResource",
      "taskPath": "entry",
      "workerId": -1,
      "startTime": 1711676703988
    },
    {
      "type": "build_line",
      "endTime": 1711676704149,
      "status": "closed",
      "children": [],
      "name": "overallTime",
      "taskName": "default@PreviewHookCompileResource",
      "taskPath": "entry",
      "workerId": -1,
      "startTime": 1711676704149
    },
    {
      "type": "build_line",
      "endTime": 1711676704152,
      "status": "closed",
      "children": [],
      "name": "overallTime",
      "taskName": "default@ReplacePreviewerPage",
      "taskPath": "entry",
      "workerId": -1,
      "startTime": 1711676704150
    },
    {
      "type": "build_line",
      "endTime": 1711676704152,
      "status": "closed",
      "children": [],
      "name": "overallTime",
      "taskName": "buildPreviewerResource",
      "taskPath": "entry",
      "workerId": -1,
      "startTime": 1711676704152
    },
    {
      "type": "build_line",
      "endTime": 1711676704171,
      "status": "closed",
      "children": [],
      "name": "overallTime",
      "taskName": "default@PreviewUpdateAssets",
      "taskPath": "entry",
      "workerId": -1,
      "startTime": 1711676704169
    },
    {
      "type": "build_line",
      "endTime": 1711676709682,
      "status": "closed",
      "children": [],
      "name": "overallTime",
      "taskName": "default@PreviewArkTS",
      "taskPath": "entry",
      "workerId": -1,
      "startTime": 1711676704171
    },
    {
      "type": "build_line",
      "endTime": 1711676709684,
      "status": "closed",
      "children": [],
      "name": "overallTime",
      "taskName": "PreviewBuild",
      "taskPath": "entry",
      "workerId": -1,
      "startTime": 1711676709684
    },
    {
      "type": "build_line",
      "endTime": 1711676779265,
      "status": "closed",
      "children": [],
      "name": "overallTime",
      "taskName": "init",
      "taskPath": "entry",
      "workerId": -1,
      "startTime": 1711676779263
    },
    {
      "type": "build_line",
      "endTime": 1711676779271,
      "status": "closed",
      "children": [],
      "name": "overallTime",
      "taskName": "init",
      "taskPath": "FunUnion3",
      "workerId": -1,
      "startTime": 1711676779271
    },
    {
      "type": "build_line",
      "endTime": 1711676783293,
      "status": "closed",
      "children": [],
      "name": "overallTime",
      "taskName": "default@PreBuild",
      "taskPath": "entry",
      "workerId": -1,
      "startTime": 1711676783292
    },
    {
      "type": "build_line",
      "endTime": 1711676783295,
      "status": "closed",
      "children": [],
      "name": "overallTime",
      "taskName": "default@MergeProfile",
      "taskPath": "entry",
      "workerId": -1,
      "startTime": 1711676783294
    },
    {
      "type": "build_line",
      "endTime": 1711676783297,
      "status": "closed",
      "children": [],
      "name": "overallTime",
      "taskName": "default@GenerateLoaderJson",
      "taskPath": "entry",
      "workerId": -1,
      "startTime": 1711676783296
    },
    {
      "type": "build_line",
      "endTime": 1711676783301,
      "status": "closed",
      "children": [],
      "name": "overallTime",
      "taskName": "default@ProcessProfile",
      "taskPath": "entry",
      "workerId": -1,
      "startTime": 1711676783300
    },
    {
      "type": "build_line",
      "endTime": 1711676783307,
      "status": "closed",
      "children": [],
      "name": "overallTime",
      "taskName": "default@PreviewProcessResource",
      "taskPath": "entry",
      "workerId": -1,
      "startTime": 1711676783304
    },
    {
      "type": "build_line",
      "endTime": 1711676783502,
      "status": "closed",
      "children": [],
      "name": "overallTime",
      "taskName": "default@PreviewCompileResource",
      "taskPath": "entry",
      "workerId": -1,
      "startTime": 1711676783309
    },
    {
      "type": "build_line",
      "endTime": 1711676783503,
      "status": "closed",
      "children": [],
      "name": "overallTime",
      "taskName": "default@PreviewHookCompileResource",
      "taskPath": "entry",
      "workerId": -1,
      "startTime": 1711676783503
    },
    {
      "type": "build_line",
      "endTime": 1711676783506,
      "status": "closed",
      "children": [],
      "name": "overallTime",
      "taskName": "default@ReplacePreviewerPage",
      "taskPath": "entry",
      "workerId": -1,
      "startTime": 1711676783504
    },
    {
      "type": "build_line",
      "endTime": 1711676783506,
      "status": "closed",
      "children": [],
      "name": "overallTime",
      "taskName": "buildPreviewerResource",
      "taskPath": "entry",
      "workerId": -1,
      "startTime": 1711676783506
    },
    {
      "type": "build_line",
      "endTime": 1711676783521,
      "status": "closed",
      "children": [],
      "name": "overallTime",
      "taskName": "default@PreviewUpdateAssets",
      "taskPath": "entry",
      "workerId": -1,
      "startTime": 1711676783519
    },
    {
      "type": "build_line",
      "endTime": 1711676787924,
      "status": "closed",
      "children": [],
      "name": "overallTime",
      "taskName": "default@PreviewArkTS",
      "taskPath": "entry",
      "workerId": -1,
      "startTime": 1711676783522
    },
    {
      "type": "build_line",
      "endTime": 1711676787927,
      "status": "closed",
      "children": [],
      "name": "overallTime",
      "taskName": "PreviewBuild",
      "taskPath": "entry",
      "workerId": -1,
      "startTime": 1711676787927
    },
    {
      "type": "build_line",
      "endTime": 1711676916520,
      "status": "closed",
      "children": [],
      "name": "overallTime",
      "taskName": "init",
      "taskPath": "entry",
      "workerId": -1,
      "startTime": 1711676916519
    },
    {
      "type": "build_line",
      "endTime": 1711676916522,
      "status": "closed",
      "children": [],
      "name": "overallTime",
      "taskName": "init",
      "taskPath": "FunUnion3",
      "workerId": -1,
      "startTime": 1711676916522
    },
    {
      "type": "build_line",
      "endTime": 1711676920298,
      "status": "closed",
      "children": [],
      "name": "overallTime",
      "taskName": "default@PreBuild",
      "taskPath": "entry",
      "workerId": -1,
      "startTime": 1711676920298
    },
    {
      "type": "build_line",
      "endTime": 1711676920300,
      "status": "closed",
      "children": [],
      "name": "overallTime",
      "taskName": "default@MergeProfile",
      "taskPath": "entry",
      "workerId": -1,
      "startTime": 1711676920299
    },
    {
      "type": "build_line",
      "endTime": 1711676920303,
      "status": "closed",
      "children": [],
      "name": "overallTime",
      "taskName": "default@GenerateLoaderJson",
      "taskPath": "entry",
      "workerId": -1,
      "startTime": 1711676920302
    },
    {
      "type": "build_line",
      "endTime": 1711676920306,
      "status": "closed",
      "children": [],
      "name": "overallTime",
      "taskName": "default@ProcessProfile",
      "taskPath": "entry",
      "workerId": -1,
      "startTime": 1711676920306
    },
    {
      "type": "build_line",
      "endTime": 1711676920317,
      "status": "closed",
      "children": [],
      "name": "overallTime",
      "taskName": "default@PreviewProcessResource",
      "taskPath": "entry",
      "workerId": -1,
      "startTime": 1711676920312
    },
    {
      "type": "build_line",
      "endTime": 1711676920539,
      "status": "closed",
      "children": [],
      "name": "overallTime",
      "taskName": "default@PreviewCompileResource",
      "taskPath": "entry",
      "workerId": -1,
      "startTime": 1711676920325
    },
    {
      "type": "build_line",
      "endTime": 1711676920539,
      "status": "closed",
      "children": [],
      "name": "overallTime",
      "taskName": "default@PreviewHookCompileResource",
      "taskPath": "entry",
      "workerId": -1,
      "startTime": 1711676920539
    },
    {
      "type": "build_line",
      "endTime": 1711676920542,
      "status": "closed",
      "children": [],
      "name": "overallTime",
      "taskName": "default@ReplacePreviewerPage",
      "taskPath": "entry",
      "workerId": -1,
      "startTime": 1711676920540
    },
    {
      "type": "build_line",
      "endTime": 1711676920543,
      "status": "closed",
      "children": [],
      "name": "overallTime",
      "taskName": "buildPreviewerResource",
      "taskPath": "entry",
      "workerId": -1,
      "startTime": 1711676920543
    },
    {
      "type": "build_line",
      "endTime": 1711676920545,
      "status": "closed",
      "children": [],
      "name": "overallTime",
      "taskName": "default@PreviewUpdateAssets",
      "taskPath": "entry",
      "workerId": -1,
      "startTime": 1711676920544
    },
    {
      "type": "build_line",
      "endTime": 1711676924814,
      "status": "closed",
      "children": [],
      "name": "overallTime",
      "taskName": "default@PreviewArkTS",
      "taskPath": "entry",
      "workerId": -1,
      "startTime": 1711676920545
    },
    {
      "type": "build_line",
      "endTime": 1711676924818,
      "status": "closed",
      "children": [],
      "name": "overallTime",
      "taskName": "PreviewBuild",
      "taskPath": "entry",
      "workerId": -1,
      "startTime": 1711676924818
    },
    {
      "type": "build_line",
      "endTime": 1711677914422,
      "status": "closed",
      "children": [],
      "name": "overallTime",
      "taskName": "init",
      "taskPath": "entry",
      "workerId": -1,
      "startTime": 1711677914420
    },
    {
      "type": "build_line",
      "endTime": 1711677914426,
      "status": "closed",
      "children": [],
      "name": "overallTime",
      "taskName": "init",
      "taskPath": "FunUnion3",
      "workerId": -1,
      "startTime": 1711677914426
    },
    {
      "type": "build_line",
      "endTime": 1711678026658,
      "status": "closed",
      "children": [],
      "name": "overallTime",
      "taskName": "default@PreBuild",
      "taskPath": "entry",
      "workerId": -1,
      "startTime": 1711678026657
    },
    {
      "type": "build_line",
      "endTime": 1711678026664,
      "status": "closed",
      "children": [],
      "name": "overallTime",
      "taskName": "default@MergeProfile",
      "taskPath": "entry",
      "workerId": -1,
      "startTime": 1711678026662
    },
    {
      "type": "build_line",
      "endTime": 1711678026670,
      "status": "closed",
      "children": [],
      "name": "overallTime",
      "taskName": "default@GenerateLoaderJson",
      "taskPath": "entry",
      "workerId": -1,
      "startTime": 1711678026669
    },
    {
      "type": "build_line",
      "endTime": 1711678026675,
      "status": "closed",
      "children": [],
      "name": "overallTime",
      "taskName": "default@ProcessProfile",
      "taskPath": "entry",
      "workerId": -1,
      "startTime": 1711678026674
    },
    {
      "type": "build_line",
      "endTime": 1711678026686,
      "status": "closed",
      "children": [],
      "name": "overallTime",
      "taskName": "default@PreviewProcessResource",
      "taskPath": "entry",
      "workerId": -1,
      "startTime": 1711678026681
    },
    {
      "type": "build_line",
      "endTime": 1711678026872,
      "status": "closed",
      "children": [],
      "name": "overallTime",
      "taskName": "default@PreviewCompileResource",
      "taskPath": "entry",
      "workerId": -1,
      "startTime": 1711678026687
    },
    {
      "type": "build_line",
      "endTime": 1711678026872,
      "status": "closed",
      "children": [],
      "name": "overallTime",
      "taskName": "default@PreviewHookCompileResource",
      "taskPath": "entry",
      "workerId": -1,
      "startTime": 1711678026872
    },
    {
      "type": "build_line",
      "endTime": 1711678026875,
      "status": "closed",
      "children": [],
      "name": "overallTime",
      "taskName": "default@ReplacePreviewerPage",
      "taskPath": "entry",
      "workerId": -1,
      "startTime": 1711678026873
    },
    {
      "type": "build_line",
      "endTime": 1711678026876,
      "status": "closed",
      "children": [],
      "name": "overallTime",
      "taskName": "buildPreviewerResource",
      "taskPath": "entry",
      "workerId": -1,
      "startTime": 1711678026876
    },
    {
      "type": "build_line",
      "endTime": 1711678026878,
      "status": "closed",
      "children": [],
      "name": "overallTime",
      "taskName": "default@PreviewUpdateAssets",
      "taskPath": "entry",
      "workerId": -1,
      "startTime": 1711678026876
    },
    {
      "type": "build_line",
      "endTime": 1711678031016,
      "status": "closed",
      "children": [],
      "name": "overallTime",
      "taskName": "default@PreviewArkTS",
      "taskPath": "entry",
      "workerId": -1,
      "startTime": 1711678026878
    },
    {
      "type": "build_line",
      "endTime": 1711678031018,
      "status": "closed",
      "children": [],
      "name": "overallTime",
      "taskName": "PreviewBuild",
      "taskPath": "entry",
      "workerId": -1,
      "startTime": 1711678031018
    },
    {
      "type": "build_line",
      "endTime": 1711680019606,
      "status": "closed",
      "children": [],
      "name": "overallTime",
      "taskName": "default@PreBuild",
      "taskPath": "entry",
      "workerId": -1,
      "startTime": 1711680019606
    },
    {
      "type": "build_line",
      "endTime": 1711680019608,
      "status": "closed",
      "children": [],
      "name": "overallTime",
      "taskName": "default@MergeProfile",
      "taskPath": "entry",
      "workerId": -1,
      "startTime": 1711680019607
    },
    {
      "type": "build_line",
      "endTime": 1711680019610,
      "status": "closed",
      "children": [],
      "name": "overallTime",
      "taskName": "default@GenerateLoaderJson",
      "taskPath": "entry",
      "workerId": -1,
      "startTime": 1711680019610
    },
    {
      "type": "build_line",
      "endTime": 1711680019612,
      "status": "closed",
      "children": [],
      "name": "overallTime",
      "taskName": "default@ProcessProfile",
      "taskPath": "entry",
      "workerId": -1,
      "startTime": 1711680019611
    },
    {
      "type": "build_line",
      "endTime": 1711680019615,
      "status": "closed",
      "children": [],
      "name": "overallTime",
      "taskName": "default@PreviewProcessResource",
      "taskPath": "entry",
      "workerId": -1,
      "startTime": 1711680019613
    },
    {
      "type": "build_line",
      "endTime": 1711680019803,
      "status": "closed",
      "children": [],
      "name": "overallTime",
      "taskName": "default@PreviewCompileResource",
      "taskPath": "entry",
      "workerId": -1,
      "startTime": 1711680019617
    },
    {
      "type": "build_line",
      "endTime": 1711680019803,
      "status": "closed",
      "children": [],
      "name": "overallTime",
      "taskName": "default@PreviewHookCompileResource",
      "taskPath": "entry",
      "workerId": -1,
      "startTime": 1711680019803
    },
    {
      "type": "build_line",
      "endTime": 1711680019806,
      "status": "closed",
      "children": [],
      "name": "overallTime",
      "taskName": "default@ReplacePreviewerPage",
      "taskPath": "entry",
      "workerId": -1,
      "startTime": 1711680019804
    },
    {
      "type": "build_line",
      "endTime": 1711680019806,
      "status": "closed",
      "children": [],
      "name": "overallTime",
      "taskName": "buildPreviewerResource",
      "taskPath": "entry",
      "workerId": -1,
      "startTime": 1711680019806
    },
    {
      "type": "build_line",
      "endTime": 1711680019808,
      "status": "closed",
      "children": [],
      "name": "overallTime",
      "taskName": "default@PreviewUpdateAssets",
      "taskPath": "entry",
      "workerId": -1,
      "startTime": 1711680019807
    },
    {
      "type": "build_line",
      "endTime": 1711680024162,
      "status": "closed",
      "children": [],
      "name": "overallTime",
      "taskName": "default@PreviewArkTS",
      "taskPath": "entry",
      "workerId": -1,
      "startTime": 1711680019809
    },
    {
      "type": "build_line",
      "endTime": 1711680024164,
      "status": "closed",
      "children": [],
      "name": "overallTime",
      "taskName": "PreviewBuild",
      "taskPath": "entry",
      "workerId": -1,
      "startTime": 1711680024164
    }
  ],
  "workLog": []
}