{"D:\\HarmonyProjects\\MengYou\\Code\\FunUnion\\AppScope\\app.json5":{"hashValue":"401d1d436f352f0b8167b64d51fcd450","name":"app.json5","path":"D:\\HarmonyProjects\\MengYou\\Code\\FunUnion\\AppScope\\app.json5","type":"file","isSymbolicLink":false,"fileMetaData":{"size":208,"lastModifiedTime":1710402906915}},"D:\\HarmonyProjects\\MengYou\\Code\\FunUnion\\entry\\src\\main\\module.json5":{"hashValue":"d4dcd38ac84f1230104f478a85f822ac","name":"module.json5","path":"D:\\HarmonyProjects\\MengYou\\Code\\FunUnion\\entry\\src\\main\\module.json5","type":"file","isSymbolicLink":false,"fileMetaData":{"size":1033,"lastModifiedTime":1710408398115}},"D:\\HarmonyProjects\\MengYou\\Code\\FunUnion\\entry\\build\\default\\intermediates\\hap_metadata\\default\\output_metadata.json":{"hashValue":"c7c4de6e84e9dda448f2a38a94f741e8","name":"output_metadata.json","path":"D:\\HarmonyProjects\\MengYou\\Code\\FunUnion\\entry\\build\\default\\intermediates\\hap_metadata\\default\\output_metadata.json","type":"file","isSymbolicLink":false,"fileMetaData":{"size":90,"lastModifiedTime":1710408536251}},"D:\\HarmonyProjects\\MengYou\\Code\\FunUnion\\entry\\build\\default\\intermediates\\merge_profile\\default\\module.json":{"hashValue":"9cbd3fcc793fdc044410617275277476","name":"module.json","path":"D:\\HarmonyProjects\\MengYou\\Code\\FunUnion\\entry\\build\\default\\intermediates\\merge_profile\\default\\module.json","type":"file","isSymbolicLink":false,"fileMetaData":{"size":1131,"lastModifiedTime":1711594677661}},"D:\\HarmonyProjects\\MengYou\\Code\\FunUnion\\entry\\build\\default\\intermediates\\loader\\default\\loader.json":{"hashValue":"1e2af10ccc3d55858ff79577777d76dd","name":"loader.json","path":"D:\\HarmonyProjects\\MengYou\\Code\\FunUnion\\entry\\build\\default\\intermediates\\loader\\default\\loader.json","type":"file","isSymbolicLink":false,"fileMetaData":{"size":378,"lastModifiedTime":1711594677667}},"D:\\HarmonyProjects\\MengYou\\Code\\FunUnion\\entry\\build\\default\\outputs\\default\\pack.info":{"hashValue":"98599d177211076de87738c869410d0c","name":"pack.info","path":"D:\\HarmonyProjects\\MengYou\\Code\\FunUnion\\entry\\build\\default\\outputs\\default\\pack.info","type":"file","isSymbolicLink":false,"fileMetaData":{"size":531,"lastModifiedTime":1710408536273}},"D:\\HarmonyProjects\\MengYou\\Code\\FunUnion\\entry\\build\\default\\intermediates\\process_profile\\default\\module.json":{"hashValue":"6e7d09344ae4272348728d9f4131d61c","name":"module.json","path":"D:\\HarmonyProjects\\MengYou\\Code\\FunUnion\\entry\\build\\default\\intermediates\\process_profile\\default\\module.json","type":"file","isSymbolicLink":false,"fileMetaData":{"size":1216,"lastModifiedTime":1711594677729}},"D:\\HarmonyProjects\\MengYou\\Code\\FunUnion\\entry\\build\\default\\intermediates\\res\\default\\resConfig.json":{"hashValue":"0e8d7195de887cf77351d58195d777db","name":"resConfig.json","path":"D:\\HarmonyProjects\\MengYou\\Code\\FunUnion\\entry\\build\\default\\intermediates\\res\\default\\resConfig.json","type":"file","isSymbolicLink":false,"fileMetaData":{"size":763,"lastModifiedTime":1710769588574}},"D:\\HarmonyProjects\\MengYou\\Code\\FunUnion\\entry\\build\\default\\intermediates\\libs\\default":{"hashValue":"","name":"default","path":"D:\\HarmonyProjects\\MengYou\\Code\\FunUnion\\entry\\build\\default\\intermediates\\libs\\default","type":"directory","isSymbolicLink":false,"children":[]},"D:\\HarmonyProjects\\MengYou\\Code\\FunUnion\\entry\\src\\main\\resources":{"hashValue":"c7ed81424cfbec580526f7879f8f37a6","name":"resources","path":"D:\\HarmonyProjects\\MengYou\\Code\\FunUnion\\entry\\src\\main\\resources","type":"directory","isSymbolicLink":false,"children":[{"hashValue":"cda829659242b8249d0921efa68c7b21","name":"base","path":"D:\\HarmonyProjects\\MengYou\\Code\\FunUnion\\entry\\src\\main\\resources\\base","type":"directory","isSymbolicLink":false,"children":[{"hashValue":"c7fef1259ca55855e0fe0cbbaf1b7de6","name":"element","path":"D:\\HarmonyProjects\\MengYou\\Code\\FunUnion\\entry\\src\\main\\resources\\base\\element","type":"directory","isSymbolicLink":false,"children":[{"hashValue":"e158609269fa3ea326439c61c4ca0a1f","name":"color.json","path":"D:\\HarmonyProjects\\MengYou\\Code\\FunUnion\\entry\\src\\main\\resources\\base\\element\\color.json","type":"file","isSymbolicLink":false,"fileMetaData":{"size":181,"lastModifiedTime":1710415542556}},{"hashValue":"f5a5b307d6a04b9d6f0fcdd9fc2dfee1","name":"string.json","path":"D:\\HarmonyProjects\\MengYou\\Code\\FunUnion\\entry\\src\\main\\resources\\base\\element\\string.json","type":"file","isSymbolicLink":false,"fileMetaData":{"size":247,"lastModifiedTime":1710400267546}}]},{"hashValue":"fbcaa9b16e772dd3572f7349427691af","name":"media","path":"D:\\HarmonyProjects\\MengYou\\Code\\FunUnion\\entry\\src\\main\\resources\\base\\media","type":"directory","isSymbolicLink":false,"children":[{"hashValue":"b24e3e71f47ddd23a43713576cc9f0bb","name":"icon_arrow_left.png","path":"D:\\HarmonyProjects\\MengYou\\Code\\FunUnion\\entry\\src\\main\\resources\\base\\media\\icon_arrow_left.png","type":"file","isSymbolicLink":false,"fileMetaData":{"size":938,"lastModifiedTime":1701919700978}},{"hashValue":"b5ab20a772882864b9e880464eb57011","name":"icon_arrow_right.png","path":"D:\\HarmonyProjects\\MengYou\\Code\\FunUnion\\entry\\src\\main\\resources\\base\\media\\icon_arrow_right.png","type":"file","isSymbolicLink":false,"fileMetaData":{"size":276,"lastModifiedTime":1708911566513}},{"hashValue":"f54c2d0e2c79ac3937131ceb9c7b7fd9","name":"icon_hero1.png","path":"D:\\HarmonyProjects\\MengYou\\Code\\FunUnion\\entry\\src\\main\\resources\\base\\media\\icon_hero1.png","type":"file","isSymbolicLink":false,"fileMetaData":{"size":1351,"lastModifiedTime":1711613776183}},{"hashValue":"929f761114ac6561442e62fd981abade","name":"icon_hero2.png","path":"D:\\HarmonyProjects\\MengYou\\Code\\FunUnion\\entry\\src\\main\\resources\\base\\media\\icon_hero2.png","type":"file","isSymbolicLink":false,"fileMetaData":{"size":1178,"lastModifiedTime":1711613776176}},{"hashValue":"986f6f1254e834593a89bbfdf2282229","name":"icon_hero3.png","path":"D:\\HarmonyProjects\\MengYou\\Code\\FunUnion\\entry\\src\\main\\resources\\base\\media\\icon_hero3.png","type":"file","isSymbolicLink":false,"fileMetaData":{"size":796,"lastModifiedTime":1711613776166}},{"hashValue":"48012636e9f517df09c3dfccee9905cc","name":"icon_hero4.png","path":"D:\\HarmonyProjects\\MengYou\\Code\\FunUnion\\entry\\src\\main\\resources\\base\\media\\icon_hero4.png","type":"file","isSymbolicLink":false,"fileMetaData":{"size":923,"lastModifiedTime":1711613776158}},{"hashValue":"709e973b09cf191fc54bd797ed8d74e5","name":"icon_hero5.png","path":"D:\\HarmonyProjects\\MengYou\\Code\\FunUnion\\entry\\src\\main\\resources\\base\\media\\icon_hero5.png","type":"file","isSymbolicLink":false,"fileMetaData":{"size":659,"lastModifiedTime":1711613776153}},{"hashValue":"53a55028158692eedddf15af830010c9","name":"icon_logo.png","path":"D:\\HarmonyProjects\\MengYou\\Code\\FunUnion\\entry\\src\\main\\resources\\base\\media\\icon_logo.png","type":"file","isSymbolicLink":false,"fileMetaData":{"size":87561,"lastModifiedTime":1705974726201}},{"hashValue":"3b83a851f159b206042119133a0122b5","name":"icon.png","path":"D:\\HarmonyProjects\\MengYou\\Code\\FunUnion\\entry\\src\\main\\resources\\base\\media\\icon.png","type":"file","isSymbolicLink":false,"fileMetaData":{"size":6790,"lastModifiedTime":1710400263430}}]},{"hashValue":"654fbbbe5680940436f8ca68f9bf3fb0","name":"profile","path":"D:\\HarmonyProjects\\MengYou\\Code\\FunUnion\\entry\\src\\main\\resources\\base\\profile","type":"directory","isSymbolicLink":false,"children":[{"hashValue":"543129cc258bbbb1f7c79d8954680a66","name":"main_pages.json","path":"D:\\HarmonyProjects\\MengYou\\Code\\FunUnion\\entry\\src\\main\\resources\\base\\profile\\main_pages.json","type":"file","isSymbolicLink":false,"fileMetaData":{"size":103,"lastModifiedTime":1711614831442}}]}]},{"hashValue":"0b3b87eddf5c43aab60c3d2c37a75e37","name":"en_US","path":"D:\\HarmonyProjects\\MengYou\\Code\\FunUnion\\entry\\src\\main\\resources\\en_US","type":"directory","isSymbolicLink":false,"children":[{"hashValue":"1c0be23c8e42f5c6548c67f3d989b485","name":"element","path":"D:\\HarmonyProjects\\MengYou\\Code\\FunUnion\\entry\\src\\main\\resources\\en_US\\element","type":"directory","isSymbolicLink":false,"children":[{"hashValue":"d2f3a1e58104950f69021225b602fe8b","name":"string.json","path":"D:\\HarmonyProjects\\MengYou\\Code\\FunUnion\\entry\\src\\main\\resources\\en_US\\element\\string.json","type":"file","isSymbolicLink":false,"fileMetaData":{"size":247,"lastModifiedTime":1710400267513}}]}]},{"hashValue":"ee65dbbf26123a333d644343dd55ee1a","name":"rawfile","path":"D:\\HarmonyProjects\\MengYou\\Code\\FunUnion\\entry\\src\\main\\resources\\rawfile","type":"directory","isSymbolicLink":false,"children":[{"hashValue":"0a882f1228d0f178c79947b28a42d287","name":"privacy_policy.html","path":"D:\\HarmonyProjects\\MengYou\\Code\\FunUnion\\entry\\src\\main\\resources\\rawfile\\privacy_policy.html","type":"file","isSymbolicLink":false,"fileMetaData":{"size":324,"lastModifiedTime":1710408026079}},{"hashValue":"2bfa35b1ba389f858ac6c85dd3fd26ba","name":"user_agreement.html","path":"D:\\HarmonyProjects\\MengYou\\Code\\FunUnion\\entry\\src\\main\\resources\\rawfile\\user_agreement.html","type":"file","isSymbolicLink":false,"fileMetaData":{"size":319,"lastModifiedTime":1710408026090}}]},{"hashValue":"761677f33189390cc88f64abf07b6620","name":"zh_CN","path":"D:\\HarmonyProjects\\MengYou\\Code\\FunUnion\\entry\\src\\main\\resources\\zh_CN","type":"directory","isSymbolicLink":false,"children":[{"hashValue":"eb1a727c88c53f0c30eb05bb92b9eb07","name":"element","path":"D:\\HarmonyProjects\\MengYou\\Code\\FunUnion\\entry\\src\\main\\resources\\zh_CN\\element","type":"directory","isSymbolicLink":false,"children":[{"hashValue":"856ab633043adc083600f32602e746b7","name":"string.json","path":"D:\\HarmonyProjects\\MengYou\\Code\\FunUnion\\entry\\src\\main\\resources\\zh_CN\\element\\string.json","type":"file","isSymbolicLink":false,"fileMetaData":{"size":241,"lastModifiedTime":1710400267524}}]}]}]},"D:\\HarmonyProjects\\MengYou\\Code\\FunUnion\\AppScope\\resources":{"hashValue":"95183081331d4a78a34748a276aa2fe6","name":"resources","path":"D:\\HarmonyProjects\\MengYou\\Code\\FunUnion\\AppScope\\resources","type":"directory","isSymbolicLink":false,"children":[{"hashValue":"df31e2877362dbf87feeb086d6b5e146","name":"base","path":"D:\\HarmonyProjects\\MengYou\\Code\\FunUnion\\AppScope\\resources\\base","type":"directory","isSymbolicLink":false,"children":[{"hashValue":"789fd187d3dac6d6f2cbd02ea3475303","name":"element","path":"D:\\HarmonyProjects\\MengYou\\Code\\FunUnion\\AppScope\\resources\\base\\element","type":"directory","isSymbolicLink":false,"children":[{"hashValue":"4bf4741fee3f06059b4e3e2145107bc8","name":"string.json","path":"D:\\HarmonyProjects\\MengYou\\Code\\FunUnion\\AppScope\\resources\\base\\element\\string.json","type":"file","isSymbolicLink":false,"fileMetaData":{"size":94,"lastModifiedTime":1710400263143}}]},{"hashValue":"37b9ea8be515511452de2865cb87ec7b","name":"media","path":"D:\\HarmonyProjects\\MengYou\\Code\\FunUnion\\AppScope\\resources\\base\\media","type":"directory","isSymbolicLink":false,"children":[{"hashValue":"28780ff7871503f78901e7c51087aae8","name":"app_icon.png","path":"D:\\HarmonyProjects\\MengYou\\Code\\FunUnion\\AppScope\\resources\\base\\media\\app_icon.png","type":"file","isSymbolicLink":false,"fileMetaData":{"size":6790,"lastModifiedTime":1710400263136}},{"hashValue":"97e34d8e35aa3fd9a91d3465511e7e25","name":"icon_qq.png","path":"D:\\HarmonyProjects\\MengYou\\Code\\FunUnion\\AppScope\\resources\\base\\media\\icon_qq.png","type":"file","isSymbolicLink":false,"fileMetaData":{"size":5379,"lastModifiedTime":1701767053060}}]}]}]},"D:\\HarmonyProjects\\MengYou\\Code\\FunUnion\\entry\\build\\default\\intermediates\\res\\default":{"hashValue":"c7f373bb8151bc9c332c07833350239b","name":"default","path":"D:\\HarmonyProjects\\MengYou\\Code\\FunUnion\\entry\\build\\default\\intermediates\\res\\default","type":"directory","isSymbolicLink":false,"children":[{"hashValue":"9b267f7e708cfa7cb826fa7044b5de1c","name":"module.json","path":"D:\\HarmonyProjects\\MengYou\\Code\\FunUnion\\entry\\build\\default\\intermediates\\res\\default\\module.json","type":"file","isSymbolicLink":false,"fileMetaData":{"size":2170,"lastModifiedTime":1711594677790}},{"hashValue":"0e8d7195de887cf77351d58195d777db","name":"resConfig.json","path":"D:\\HarmonyProjects\\MengYou\\Code\\FunUnion\\entry\\build\\default\\intermediates\\res\\default\\resConfig.json","type":"file","isSymbolicLink":false,"fileMetaData":{"size":763,"lastModifiedTime":1710769588574}},{"hashValue":"02ba1a0cfb1362122d4083c968273b5e","name":"resources","path":"D:\\HarmonyProjects\\MengYou\\Code\\FunUnion\\entry\\build\\default\\intermediates\\res\\default\\resources","type":"directory","isSymbolicLink":false,"children":[{"hashValue":"152fa67515837ea875a799eb038399f1","name":"base","path":"D:\\HarmonyProjects\\MengYou\\Code\\FunUnion\\entry\\build\\default\\intermediates\\res\\default\\resources\\base","type":"directory","isSymbolicLink":false,"children":[{"hashValue":"443ba8181bd9164aee80d74de845a352","name":"media","path":"D:\\HarmonyProjects\\MengYou\\Code\\FunUnion\\entry\\build\\default\\intermediates\\res\\default\\resources\\base\\media","type":"directory","isSymbolicLink":false,"children":[{"hashValue":"28780ff7871503f78901e7c51087aae8","name":"app_icon.png","path":"D:\\HarmonyProjects\\MengYou\\Code\\FunUnion\\entry\\build\\default\\intermediates\\res\\default\\resources\\base\\media\\app_icon.png","type":"file","isSymbolicLink":false,"fileMetaData":{"size":6790,"lastModifiedTime":1710400263136}},{"hashValue":"b24e3e71f47ddd23a43713576cc9f0bb","name":"icon_arrow_left.png","path":"D:\\HarmonyProjects\\MengYou\\Code\\FunUnion\\entry\\build\\default\\intermediates\\res\\default\\resources\\base\\media\\icon_arrow_left.png","type":"file","isSymbolicLink":false,"fileMetaData":{"size":938,"lastModifiedTime":1701919700978}},{"hashValue":"b5ab20a772882864b9e880464eb57011","name":"icon_arrow_right.png","path":"D:\\HarmonyProjects\\MengYou\\Code\\FunUnion\\entry\\build\\default\\intermediates\\res\\default\\resources\\base\\media\\icon_arrow_right.png","type":"file","isSymbolicLink":false,"fileMetaData":{"size":276,"lastModifiedTime":1708911566513}},{"hashValue":"4092ee586ea0697c2ac3241482e812fb","name":"icon_hero1.png","path":"D:\\HarmonyProjects\\MengYou\\Code\\FunUnion\\entry\\build\\default\\intermediates\\res\\default\\resources\\base\\media\\icon_hero1.png","type":"file","isSymbolicLink":false,"fileMetaData":{"size":1351,"lastModifiedTime":1708407867206}},{"hashValue":"d77d6b2aa27a161fb5e6d101918a8564","name":"icon_hero2.png","path":"D:\\HarmonyProjects\\MengYou\\Code\\FunUnion\\entry\\build\\default\\intermediates\\res\\default\\resources\\base\\media\\icon_hero2.png","type":"file","isSymbolicLink":false,"fileMetaData":{"size":1178,"lastModifiedTime":1708407849644}},{"hashValue":"4be85977b3321cc0c519f5ef3df9a3de","name":"icon_hero3.png","path":"D:\\HarmonyProjects\\MengYou\\Code\\FunUnion\\entry\\build\\default\\intermediates\\res\\default\\resources\\base\\media\\icon_hero3.png","type":"file","isSymbolicLink":false,"fileMetaData":{"size":796,"lastModifiedTime":1708407846107}},{"hashValue":"3a1b46b9bd88f44bbe077178c82dd1fb","name":"icon_hero4.png","path":"D:\\HarmonyProjects\\MengYou\\Code\\FunUnion\\entry\\build\\default\\intermediates\\res\\default\\resources\\base\\media\\icon_hero4.png","type":"file","isSymbolicLink":false,"fileMetaData":{"size":923,"lastModifiedTime":1708407841303}},{"hashValue":"719a8e937dfbb923a41014338217d433","name":"icon_hero5.png","path":"D:\\HarmonyProjects\\MengYou\\Code\\FunUnion\\entry\\build\\default\\intermediates\\res\\default\\resources\\base\\media\\icon_hero5.png","type":"file","isSymbolicLink":false,"fileMetaData":{"size":659,"lastModifiedTime":1708407838083}},{"hashValue":"53a55028158692eedddf15af830010c9","name":"icon_logo.png","path":"D:\\HarmonyProjects\\MengYou\\Code\\FunUnion\\entry\\build\\default\\intermediates\\res\\default\\resources\\base\\media\\icon_logo.png","type":"file","isSymbolicLink":false,"fileMetaData":{"size":87561,"lastModifiedTime":1705974726201}},{"hashValue":"97e34d8e35aa3fd9a91d3465511e7e25","name":"icon_qq.png","path":"D:\\HarmonyProjects\\MengYou\\Code\\FunUnion\\entry\\build\\default\\intermediates\\res\\default\\resources\\base\\media\\icon_qq.png","type":"file","isSymbolicLink":false,"fileMetaData":{"size":5379,"lastModifiedTime":1701767053060}},{"hashValue":"3b83a851f159b206042119133a0122b5","name":"icon.png","path":"D:\\HarmonyProjects\\MengYou\\Code\\FunUnion\\entry\\build\\default\\intermediates\\res\\default\\resources\\base\\media\\icon.png","type":"file","isSymbolicLink":false,"fileMetaData":{"size":6790,"lastModifiedTime":1710400263430}}]},{"hashValue":"d90a03701840d203963e60ad5f770090","name":"profile","path":"D:\\HarmonyProjects\\MengYou\\Code\\FunUnion\\entry\\build\\default\\intermediates\\res\\default\\resources\\base\\profile","type":"directory","isSymbolicLink":false,"children":[{"hashValue":"8b6f43067d21c78e1f32459528d6faa5","name":"main_pages.json","path":"D:\\HarmonyProjects\\MengYou\\Code\\FunUnion\\entry\\build\\default\\intermediates\\res\\default\\resources\\base\\profile\\main_pages.json","type":"file","isSymbolicLink":false,"fileMetaData":{"size":130,"lastModifiedTime":1710936167197}}]}]},{"hashValue":"ee65dbbf26123a333d644343dd55ee1a","name":"rawfile","path":"D:\\HarmonyProjects\\MengYou\\Code\\FunUnion\\entry\\build\\default\\intermediates\\res\\default\\resources\\rawfile","type":"directory","isSymbolicLink":false,"children":[{"hashValue":"0a882f1228d0f178c79947b28a42d287","name":"privacy_policy.html","path":"D:\\HarmonyProjects\\MengYou\\Code\\FunUnion\\entry\\build\\default\\intermediates\\res\\default\\resources\\rawfile\\privacy_policy.html","type":"file","isSymbolicLink":false,"fileMetaData":{"size":324,"lastModifiedTime":1710408026079}},{"hashValue":"2bfa35b1ba389f858ac6c85dd3fd26ba","name":"user_agreement.html","path":"D:\\HarmonyProjects\\MengYou\\Code\\FunUnion\\entry\\build\\default\\intermediates\\res\\default\\resources\\rawfile\\user_agreement.html","type":"file","isSymbolicLink":false,"fileMetaData":{"size":319,"lastModifiedTime":1710408026090}}]}]},{"hashValue":"894b7c087bab8263904829c00f6ec075","name":"resources.index","path":"D:\\HarmonyProjects\\MengYou\\Code\\FunUnion\\entry\\build\\default\\intermediates\\res\\default\\resources.index","type":"file","isSymbolicLink":false,"fileMetaData":{"size":1936,"lastModifiedTime":1711594677790}},{"hashValue":"3185c12b7eef4984204e77a925ee02b8","name":"ResourceTable.txt","path":"D:\\HarmonyProjects\\MengYou\\Code\\FunUnion\\entry\\build\\default\\intermediates\\res\\default\\ResourceTable.txt","type":"file","isSymbolicLink":false,"fileMetaData":{"size":569,"lastModifiedTime":1711594677788}}]},"D:\\HarmonyProjects\\MengYou\\Code\\FunUnion\\entry\\build\\default\\generated\\r\\default\\ResourceTable.h":{"hashValue":"88f6b60f594d20f560cd30c0631dd5db","name":"ResourceTable.h","path":"D:\\HarmonyProjects\\MengYou\\Code\\FunUnion\\entry\\build\\default\\generated\\r\\default\\ResourceTable.h","type":"file","isSymbolicLink":false,"fileMetaData":{"size":1598,"lastModifiedTime":1711594677788}},"D:\\HarmonyProjects\\MengYou\\Code\\FunUnion\\entry\\build\\default\\generated\\r\\default":{"hashValue":"9b75e954ed37618656130a9a12b84239","name":"default","path":"D:\\HarmonyProjects\\MengYou\\Code\\FunUnion\\entry\\build\\default\\generated\\r\\default","type":"directory","isSymbolicLink":false,"children":[{"hashValue":"88f6b60f594d20f560cd30c0631dd5db","name":"ResourceTable.h","path":"D:\\HarmonyProjects\\MengYou\\Code\\FunUnion\\entry\\build\\default\\generated\\r\\default\\ResourceTable.h","type":"file","isSymbolicLink":false,"fileMetaData":{"size":1598,"lastModifiedTime":1711594677788}}]},"D:\\HarmonyProjects\\MengYou\\Code\\FunUnion\\entry\\build\\default\\intermediates\\loader\\default":{"hashValue":"4033d540128bf48e1c66deadf646cfb8","name":"default","path":"D:\\HarmonyProjects\\MengYou\\Code\\FunUnion\\entry\\build\\default\\intermediates\\loader\\default","type":"directory","isSymbolicLink":false,"children":[{"hashValue":"1e2af10ccc3d55858ff79577777d76dd","name":"loader.json","path":"D:\\HarmonyProjects\\MengYou\\Code\\FunUnion\\entry\\build\\default\\intermediates\\loader\\default\\loader.json","type":"file","isSymbolicLink":false,"fileMetaData":{"size":378,"lastModifiedTime":1711594677667}}]},"D:\\HarmonyProjects\\MengYou\\Code\\FunUnion\\entry\\build\\default\\intermediates\\res\\default\\ResourceTable.txt":{"hashValue":"3185c12b7eef4984204e77a925ee02b8","name":"ResourceTable.txt","path":"D:\\HarmonyProjects\\MengYou\\Code\\FunUnion\\entry\\build\\default\\intermediates\\res\\default\\ResourceTable.txt","type":"file","isSymbolicLink":false,"fileMetaData":{"size":569,"lastModifiedTime":1711594677788}},"D:\\HarmonyProjects\\MengYou\\Code\\FunUnion\\entry\\build\\default\\intermediates\\res\\default\\module.json":{"hashValue":"9b267f7e708cfa7cb826fa7044b5de1c","name":"module.json","path":"D:\\HarmonyProjects\\MengYou\\Code\\FunUnion\\entry\\build\\default\\intermediates\\res\\default\\module.json","type":"file","isSymbolicLink":false,"fileMetaData":{"size":2170,"lastModifiedTime":1711594677790}},"D:\\HarmonyProjects\\MengYou\\Code\\FunUnion\\entry\\build\\default\\intermediates\\res\\default\\resources\\base\\profile":{"hashValue":"d90a03701840d203963e60ad5f770090","name":"profile","path":"D:\\HarmonyProjects\\MengYou\\Code\\FunUnion\\entry\\build\\default\\intermediates\\res\\default\\resources\\base\\profile","type":"directory","isSymbolicLink":false,"children":[{"hashValue":"8b6f43067d21c78e1f32459528d6faa5","name":"main_pages.json","path":"D:\\HarmonyProjects\\MengYou\\Code\\FunUnion\\entry\\build\\default\\intermediates\\res\\default\\resources\\base\\profile\\main_pages.json","type":"file","isSymbolicLink":false,"fileMetaData":{"size":130,"lastModifiedTime":1710936167197}}]},"D:\\HarmonyProjects\\MengYou\\Code\\FunUnion\\entry\\src\\main\\ets":{"hashValue":"72fbbd2ed7b9fbf7a6f156228e659f17","name":"ets","path":"D:\\HarmonyProjects\\MengYou\\Code\\FunUnion\\entry\\src\\main\\ets","type":"directory","isSymbolicLink":false,"children":[{"hashValue":"36921b35ab5f3432c021905d58cd488c","name":"entryability","path":"D:\\HarmonyProjects\\MengYou\\Code\\FunUnion\\entry\\src\\main\\ets\\entryability","type":"directory","isSymbolicLink":false,"children":[{"hashValue":"18117d6cbe1c2c19e89acf3958ae75ca","name":"EntryAbility.ts","path":"D:\\HarmonyProjects\\MengYou\\Code\\FunUnion\\entry\\src\\main\\ets\\entryability\\EntryAbility.ts","type":"file","isSymbolicLink":false,"fileMetaData":{"size":1417,"lastModifiedTime":1710477224096}}]},{"hashValue":"4a41c3246a18ff3d710e96706511a967","name":"model","path":"D:\\HarmonyProjects\\MengYou\\Code\\FunUnion\\entry\\src\\main\\ets\\model","type":"directory","isSymbolicLink":false,"children":[{"hashValue":"163193ab3d428fe380009b044d9505ed","name":"UserResponse.ets","path":"D:\\HarmonyProjects\\MengYou\\Code\\FunUnion\\entry\\src\\main\\ets\\model\\UserResponse.ets","type":"file","isSymbolicLink":false,"fileMetaData":{"size":773,"lastModifiedTime":1710839874147}}]},{"hashValue":"1b47b51933b8ff8d6eb17f388d275d0e","name":"pages","path":"D:\\HarmonyProjects\\MengYou\\Code\\FunUnion\\entry\\src\\main\\ets\\pages","type":"directory","isSymbolicLink":false,"children":[{"hashValue":"744c33b2d2a6773c3a9cf69a41a392cf","name":"Login.ets","path":"D:\\HarmonyProjects\\MengYou\\Code\\FunUnion\\entry\\src\\main\\ets\\pages\\Login.ets","type":"file","isSymbolicLink":false,"fileMetaData":{"size":6440,"lastModifiedTime":1710833217501}},{"hashValue":"db967c2e6462443395050a67398dedeb","name":"MainPage.ets","path":"D:\\HarmonyProjects\\MengYou\\Code\\FunUnion\\entry\\src\\main\\ets\\pages\\MainPage.ets","type":"file","isSymbolicLink":false,"fileMetaData":{"size":810,"lastModifiedTime":1710813667839}},{"hashValue":"6076fbb0d5c8e9d164bb146388c4a9fd","name":"MyWebPage.ets","path":"D:\\HarmonyProjects\\MengYou\\Code\\FunUnion\\entry\\src\\main\\ets\\pages\\MyWebPage.ets","type":"file","isSymbolicLink":false,"fileMetaData":{"size":2687,"lastModifiedTime":1710481841610}},{"hashValue":"0e91d8e151d6031b3fc72551e69cc6ab","name":"TestPage.ets","path":"D:\\HarmonyProjects\\MengYou\\Code\\FunUnion\\entry\\src\\main\\ets\\pages\\TestPage.ets","type":"file","isSymbolicLink":false,"fileMetaData":{"size":759,"lastModifiedTime":1711614998951}}]},{"hashValue":"c43518b370dfe7aeca3b5142cf2103a2","name":"ViewModel","path":"D:\\HarmonyProjects\\MengYou\\Code\\FunUnion\\entry\\src\\main\\ets\\ViewModel","type":"directory","isSymbolicLink":false,"children":[{"hashValue":"c9c6cab3a2eb9909cad5adf7495fd210","name":"MainVideModel.ets","path":"D:\\HarmonyProjects\\MengYou\\Code\\FunUnion\\entry\\src\\main\\ets\\ViewModel\\MainVideModel.ets","type":"file","isSymbolicLink":false,"fileMetaData":{"size":4007,"lastModifiedTime":1710840742141}}]}]},"D:\\HarmonyProjects\\MengYou\\Code\\FunUnion\\entry\\build\\default\\intermediates\\loader_out\\default\\ets":{"hashValue":"40ce6e03c255e933375b1645e771baa4","name":"ets","path":"D:\\HarmonyProjects\\MengYou\\Code\\FunUnion\\entry\\build\\default\\intermediates\\loader_out\\default\\ets","type":"directory","isSymbolicLink":false,"children":[{"hashValue":"4b1f56bfc29379f797f92dc32fa16ab4","name":"modules.abc","path":"D:\\HarmonyProjects\\MengYou\\Code\\FunUnion\\entry\\build\\default\\intermediates\\loader_out\\default\\ets\\modules.abc","type":"file","isSymbolicLink":false,"fileMetaData":{"size":374280,"lastModifiedTime":1711594680962}},{"hashValue":"c120bcf821eb31cf29e6b8c6e3a3d7de","name":"sourceMaps.map","path":"D:\\HarmonyProjects\\MengYou\\Code\\FunUnion\\entry\\build\\default\\intermediates\\loader_out\\default\\ets\\sourceMaps.map","type":"file","isSymbolicLink":false,"fileMetaData":{"size":230028,"lastModifiedTime":1711594680905}}]},"D:\\HarmonyProjects\\MengYou\\Code\\FunUnion\\entry\\build\\default\\intermediates\\res\\default\\resources":{"hashValue":"02ba1a0cfb1362122d4083c968273b5e","name":"resources","path":"D:\\HarmonyProjects\\MengYou\\Code\\FunUnion\\entry\\build\\default\\intermediates\\res\\default\\resources","type":"directory","isSymbolicLink":false,"children":[{"hashValue":"152fa67515837ea875a799eb038399f1","name":"base","path":"D:\\HarmonyProjects\\MengYou\\Code\\FunUnion\\entry\\build\\default\\intermediates\\res\\default\\resources\\base","type":"directory","isSymbolicLink":false,"children":[{"hashValue":"443ba8181bd9164aee80d74de845a352","name":"media","path":"D:\\HarmonyProjects\\MengYou\\Code\\FunUnion\\entry\\build\\default\\intermediates\\res\\default\\resources\\base\\media","type":"directory","isSymbolicLink":false,"children":[{"hashValue":"28780ff7871503f78901e7c51087aae8","name":"app_icon.png","path":"D:\\HarmonyProjects\\MengYou\\Code\\FunUnion\\entry\\build\\default\\intermediates\\res\\default\\resources\\base\\media\\app_icon.png","type":"file","isSymbolicLink":false,"fileMetaData":{"size":6790,"lastModifiedTime":1710400263136}},{"hashValue":"b24e3e71f47ddd23a43713576cc9f0bb","name":"icon_arrow_left.png","path":"D:\\HarmonyProjects\\MengYou\\Code\\FunUnion\\entry\\build\\default\\intermediates\\res\\default\\resources\\base\\media\\icon_arrow_left.png","type":"file","isSymbolicLink":false,"fileMetaData":{"size":938,"lastModifiedTime":1701919700978}},{"hashValue":"b5ab20a772882864b9e880464eb57011","name":"icon_arrow_right.png","path":"D:\\HarmonyProjects\\MengYou\\Code\\FunUnion\\entry\\build\\default\\intermediates\\res\\default\\resources\\base\\media\\icon_arrow_right.png","type":"file","isSymbolicLink":false,"fileMetaData":{"size":276,"lastModifiedTime":1708911566513}},{"hashValue":"4092ee586ea0697c2ac3241482e812fb","name":"icon_hero1.png","path":"D:\\HarmonyProjects\\MengYou\\Code\\FunUnion\\entry\\build\\default\\intermediates\\res\\default\\resources\\base\\media\\icon_hero1.png","type":"file","isSymbolicLink":false,"fileMetaData":{"size":1351,"lastModifiedTime":1708407867206}},{"hashValue":"d77d6b2aa27a161fb5e6d101918a8564","name":"icon_hero2.png","path":"D:\\HarmonyProjects\\MengYou\\Code\\FunUnion\\entry\\build\\default\\intermediates\\res\\default\\resources\\base\\media\\icon_hero2.png","type":"file","isSymbolicLink":false,"fileMetaData":{"size":1178,"lastModifiedTime":1708407849644}},{"hashValue":"4be85977b3321cc0c519f5ef3df9a3de","name":"icon_hero3.png","path":"D:\\HarmonyProjects\\MengYou\\Code\\FunUnion\\entry\\build\\default\\intermediates\\res\\default\\resources\\base\\media\\icon_hero3.png","type":"file","isSymbolicLink":false,"fileMetaData":{"size":796,"lastModifiedTime":1708407846107}},{"hashValue":"3a1b46b9bd88f44bbe077178c82dd1fb","name":"icon_hero4.png","path":"D:\\HarmonyProjects\\MengYou\\Code\\FunUnion\\entry\\build\\default\\intermediates\\res\\default\\resources\\base\\media\\icon_hero4.png","type":"file","isSymbolicLink":false,"fileMetaData":{"size":923,"lastModifiedTime":1708407841303}},{"hashValue":"719a8e937dfbb923a41014338217d433","name":"icon_hero5.png","path":"D:\\HarmonyProjects\\MengYou\\Code\\FunUnion\\entry\\build\\default\\intermediates\\res\\default\\resources\\base\\media\\icon_hero5.png","type":"file","isSymbolicLink":false,"fileMetaData":{"size":659,"lastModifiedTime":1708407838083}},{"hashValue":"53a55028158692eedddf15af830010c9","name":"icon_logo.png","path":"D:\\HarmonyProjects\\MengYou\\Code\\FunUnion\\entry\\build\\default\\intermediates\\res\\default\\resources\\base\\media\\icon_logo.png","type":"file","isSymbolicLink":false,"fileMetaData":{"size":87561,"lastModifiedTime":1705974726201}},{"hashValue":"97e34d8e35aa3fd9a91d3465511e7e25","name":"icon_qq.png","path":"D:\\HarmonyProjects\\MengYou\\Code\\FunUnion\\entry\\build\\default\\intermediates\\res\\default\\resources\\base\\media\\icon_qq.png","type":"file","isSymbolicLink":false,"fileMetaData":{"size":5379,"lastModifiedTime":1701767053060}},{"hashValue":"3b83a851f159b206042119133a0122b5","name":"icon.png","path":"D:\\HarmonyProjects\\MengYou\\Code\\FunUnion\\entry\\build\\default\\intermediates\\res\\default\\resources\\base\\media\\icon.png","type":"file","isSymbolicLink":false,"fileMetaData":{"size":6790,"lastModifiedTime":1710400263430}}]},{"hashValue":"d90a03701840d203963e60ad5f770090","name":"profile","path":"D:\\HarmonyProjects\\MengYou\\Code\\FunUnion\\entry\\build\\default\\intermediates\\res\\default\\resources\\base\\profile","type":"directory","isSymbolicLink":false,"children":[{"hashValue":"8b6f43067d21c78e1f32459528d6faa5","name":"main_pages.json","path":"D:\\HarmonyProjects\\MengYou\\Code\\FunUnion\\entry\\build\\default\\intermediates\\res\\default\\resources\\base\\profile\\main_pages.json","type":"file","isSymbolicLink":false,"fileMetaData":{"size":130,"lastModifiedTime":1710936167197}}]}]},{"hashValue":"ee65dbbf26123a333d644343dd55ee1a","name":"rawfile","path":"D:\\HarmonyProjects\\MengYou\\Code\\FunUnion\\entry\\build\\default\\intermediates\\res\\default\\resources\\rawfile","type":"directory","isSymbolicLink":false,"children":[{"hashValue":"0a882f1228d0f178c79947b28a42d287","name":"privacy_policy.html","path":"D:\\HarmonyProjects\\MengYou\\Code\\FunUnion\\entry\\build\\default\\intermediates\\res\\default\\resources\\rawfile\\privacy_policy.html","type":"file","isSymbolicLink":false,"fileMetaData":{"size":324,"lastModifiedTime":1710408026079}},{"hashValue":"2bfa35b1ba389f858ac6c85dd3fd26ba","name":"user_agreement.html","path":"D:\\HarmonyProjects\\MengYou\\Code\\FunUnion\\entry\\build\\default\\intermediates\\res\\default\\resources\\rawfile\\user_agreement.html","type":"file","isSymbolicLink":false,"fileMetaData":{"size":319,"lastModifiedTime":1710408026090}}]}]},"D:\\HarmonyProjects\\MengYou\\Code\\FunUnion\\entry\\build\\default\\intermediates\\res\\default\\resources.index":{"hashValue":"894b7c087bab8263904829c00f6ec075","name":"resources.index","path":"D:\\HarmonyProjects\\MengYou\\Code\\FunUnion\\entry\\build\\default\\intermediates\\res\\default\\resources.index","type":"file","isSymbolicLink":false,"fileMetaData":{"size":1936,"lastModifiedTime":1711594677790}},"D:\\HarmonyProjects\\MengYou\\Code\\FunUnion\\entry\\build\\default\\outputs\\default\\entry-default-unsigned.hap":{"hashValue":"124a717e2785f75dba925899870fc7a7","name":"entry-default-unsigned.hap","path":"D:\\HarmonyProjects\\MengYou\\Code\\FunUnion\\entry\\build\\default\\outputs\\default\\entry-default-unsigned.hap","type":"file","isSymbolicLink":false,"fileMetaData":{"size":724395,"lastModifiedTime":1711594681640}},"D:\\HarmonyProjects\\MengYou\\Code\\FunUnion\\entry\\build\\default\\outputs\\default\\entry-default-signed.hap":{"hashValue":"ccea7272f11ff50339b69f01086617b9","name":"entry-default-signed.hap","path":"D:\\HarmonyProjects\\MengYou\\Code\\FunUnion\\entry\\build\\default\\outputs\\default\\entry-default-signed.hap","type":"file","isSymbolicLink":false,"fileMetaData":{"size":730846,"lastModifiedTime":1711594683662}},"C:\\Users\\issuser\\.ohos\\config\\auto_debug_FunUnion_com.snkey.sl1_260086000085660960.cer":{"hashValue":"7a8d5f3708c4dd4a0c975db5af36dd0b","name":"auto_debug_FunUnion_com.snkey.sl1_260086000085660960.cer","path":"C:\\Users\\issuser\\.ohos\\config\\auto_debug_FunUnion_com.snkey.sl1_260086000085660960.cer","type":"file","isSymbolicLink":false,"fileMetaData":{"size":2906,"lastModifiedTime":1710402934810}},"C:\\Users\\issuser\\.ohos\\config\\auto_debug_FunUnion_com.snkey.sl1_260086000085660960.p7b":{"hashValue":"2ca35a6b15ef3b21d76678d57027694e","name":"auto_debug_FunUnion_com.snkey.sl1_260086000085660960.p7b","path":"C:\\Users\\issuser\\.ohos\\config\\auto_debug_FunUnion_com.snkey.sl1_260086000085660960.p7b","type":"file","isSymbolicLink":false,"fileMetaData":{"size":4275,"lastModifiedTime":1710402936956}},"C:\\Users\\issuser\\.ohos\\config\\auto_debug_FunUnion_com.snkey.sl1_260086000085660960.p12":{"hashValue":"87baa98cce7dd1353d33a1045e0f8b63","name":"auto_debug_FunUnion_com.snkey.sl1_260086000085660960.p12","path":"C:\\Users\\issuser\\.ohos\\config\\auto_debug_FunUnion_com.snkey.sl1_260086000085660960.p12","type":"file","isSymbolicLink":false,"fileMetaData":{"size":1128,"lastModifiedTime":1710402931489}},"D:\\HarmonyProjects\\MengYou\\Code\\FunUnion\\entry\\.preview\\default\\intermediates\\merge_profile\\default\\module.json":{"hashValue":"c2c767702783b7ece316a32d4690ebcb","name":"module.json","path":"D:\\HarmonyProjects\\MengYou\\Code\\FunUnion\\entry\\.preview\\default\\intermediates\\merge_profile\\default\\module.json","type":"file","isSymbolicLink":false,"fileMetaData":{"size":1131,"lastModifiedTime":1711594759441}},"D:\\HarmonyProjects\\MengYou\\Code\\FunUnion\\entry\\.preview\\default\\intermediates\\loader\\default\\loader.json":{"hashValue":"327feee064911e6f5284ea32a80cdd5e","name":"loader.json","path":"D:\\HarmonyProjects\\MengYou\\Code\\FunUnion\\entry\\.preview\\default\\intermediates\\loader\\default\\loader.json","type":"file","isSymbolicLink":false,"fileMetaData":{"size":381,"lastModifiedTime":1711594759445}},"D:\\HarmonyProjects\\MengYou\\Code\\FunUnion\\entry\\.preview\\default\\intermediates\\process_profile\\default\\module.json":{"hashValue":"f1a98dfc0c4821d404a374f4983fa849","name":"module.json","path":"D:\\HarmonyProjects\\MengYou\\Code\\FunUnion\\entry\\.preview\\default\\intermediates\\process_profile\\default\\module.json","type":"file","isSymbolicLink":false,"fileMetaData":{"size":1216,"lastModifiedTime":1711594759501}},"D:\\HarmonyProjects\\MengYou\\Code\\FunUnion\\entry\\.preview\\default\\intermediates\\res\\default":{"hashValue":"75d6a7096a76a791dd9ea75073855d6c","name":"default","path":"D:\\HarmonyProjects\\MengYou\\Code\\FunUnion\\entry\\.preview\\default\\intermediates\\res\\default","type":"directory","isSymbolicLink":false,"children":[{"hashValue":"3bbd67c060a4080a3db6960b52241c7c","name":"app_compiled","path":"D:\\HarmonyProjects\\MengYou\\Code\\FunUnion\\entry\\.preview\\default\\intermediates\\res\\default\\app_compiled","type":"directory","isSymbolicLink":false,"children":[{"hashValue":"91e0276850ae5d03c2e09752353d4c33","name":"12203315692449017819","path":"D:\\HarmonyProjects\\MengYou\\Code\\FunUnion\\entry\\.preview\\default\\intermediates\\res\\default\\app_compiled\\12203315692449017819","type":"file","isSymbolicLink":false,"fileMetaData":{"size":203,"lastModifiedTime":1711615012823}},{"hashValue":"ae42d4cbf6bc3b245382c8d93a37e2c5","name":"12610462027357768281","path":"D:\\HarmonyProjects\\MengYou\\Code\\FunUnion\\entry\\.preview\\default\\intermediates\\res\\default\\app_compiled\\12610462027357768281","type":"file","isSymbolicLink":false,"fileMetaData":{"size":128,"lastModifiedTime":1711615012822}},{"hashValue":"ba58785e38ce45eeeaedcb4fc082975d","name":"14198538159872067880","path":"D:\\HarmonyProjects\\MengYou\\Code\\FunUnion\\entry\\.preview\\default\\intermediates\\res\\default\\app_compiled\\14198538159872067880","type":"file","isSymbolicLink":false,"fileMetaData":{"size":206,"lastModifiedTime":1711615012823}}]},{"hashValue":"8e22408a577000594ad7ac0f151f8b4a","name":"har_compiled","path":"D:\\HarmonyProjects\\MengYou\\Code\\FunUnion\\entry\\.preview\\default\\intermediates\\res\\default\\har_compiled","type":"directory","isSymbolicLink":false,"children":[{"hashValue":"59c64be5c8d90e24df0deedba1b682e1","name":"1000076287007608841","path":"D:\\HarmonyProjects\\MengYou\\Code\\FunUnion\\entry\\.preview\\default\\intermediates\\res\\default\\har_compiled\\1000076287007608841","type":"file","isSymbolicLink":false,"fileMetaData":{"size":218,"lastModifiedTime":1711615012875}},{"hashValue":"224228e3edc3f89629707678559193d3","name":"10563219013031674038","path":"D:\\HarmonyProjects\\MengYou\\Code\\FunUnion\\entry\\.preview\\default\\intermediates\\res\\default\\har_compiled\\10563219013031674038","type":"file","isSymbolicLink":false,"fileMetaData":{"size":200,"lastModifiedTime":1711615012875}},{"hashValue":"a865d1f71705369eb2b4d5b451660880","name":"9924161694500234899","path":"D:\\HarmonyProjects\\MengYou\\Code\\FunUnion\\entry\\.preview\\default\\intermediates\\res\\default\\har_compiled\\9924161694500234899","type":"file","isSymbolicLink":false,"fileMetaData":{"size":218,"lastModifiedTime":1711615012875}}]},{"hashValue":"8d7ca7cfabdfa0433fe81eab1069a065","name":"module_compiled","path":"D:\\HarmonyProjects\\MengYou\\Code\\FunUnion\\entry\\.preview\\default\\intermediates\\res\\default\\module_compiled","type":"directory","isSymbolicLink":false,"children":[{"hashValue":"1f81032003c1e0ebfb1f0737a1afcaa4","name":"10489227850383956881","path":"D:\\HarmonyProjects\\MengYou\\Code\\FunUnion\\entry\\.preview\\default\\intermediates\\res\\default\\module_compiled\\10489227850383956881","type":"file","isSymbolicLink":false,"fileMetaData":{"size":488,"lastModifiedTime":1711615012850}},{"hashValue":"1369343cf7ac78549b25fbcdd104481c","name":"1303017797494750184","path":"D:\\HarmonyProjects\\MengYou\\Code\\FunUnion\\entry\\.preview\\default\\intermediates\\res\\default\\module_compiled\\1303017797494750184","type":"file","isSymbolicLink":false,"fileMetaData":{"size":434,"lastModifiedTime":1711615012846}},{"hashValue":"bce26c9e01a4cd7ca44bf952c7925131","name":"13398940233904844537","path":"D:\\HarmonyProjects\\MengYou\\Code\\FunUnion\\entry\\.preview\\default\\intermediates\\res\\default\\module_compiled\\13398940233904844537","type":"file","isSymbolicLink":false,"fileMetaData":{"size":239,"lastModifiedTime":1711615012847}},{"hashValue":"922b5c0ccf3ed27180365f64001ab84c","name":"13807859779802785900","path":"D:\\HarmonyProjects\\MengYou\\Code\\FunUnion\\entry\\.preview\\default\\intermediates\\res\\default\\module_compiled\\13807859779802785900","type":"file","isSymbolicLink":false,"fileMetaData":{"size":242,"lastModifiedTime":1711615012847}},{"hashValue":"61b0715c8e37672648bbc000027bc672","name":"14425827443330224746","path":"D:\\HarmonyProjects\\MengYou\\Code\\FunUnion\\entry\\.preview\\default\\intermediates\\res\\default\\module_compiled\\14425827443330224746","type":"file","isSymbolicLink":false,"fileMetaData":{"size":155,"lastModifiedTime":1711615012850}},{"hashValue":"5176f39a166df1610eb311b2ebbe7749","name":"16501530844584541328","path":"D:\\HarmonyProjects\\MengYou\\Code\\FunUnion\\entry\\.preview\\default\\intermediates\\res\\default\\module_compiled\\16501530844584541328","type":"file","isSymbolicLink":false,"fileMetaData":{"size":155,"lastModifiedTime":1711615012850}},{"hashValue":"1635ece98bd6961280b789d3b9d183bf","name":"17230540686621832791","path":"D:\\HarmonyProjects\\MengYou\\Code\\FunUnion\\entry\\.preview\\default\\intermediates\\res\\default\\module_compiled\\17230540686621832791","type":"file","isSymbolicLink":false,"fileMetaData":{"size":206,"lastModifiedTime":1711615012847}},{"hashValue":"3ca00cb56e8fd9f34000c59da4e09624","name":"17573157447730487061","path":"D:\\HarmonyProjects\\MengYou\\Code\\FunUnion\\entry\\.preview\\default\\intermediates\\res\\default\\module_compiled\\17573157447730487061","type":"file","isSymbolicLink":false,"fileMetaData":{"size":224,"lastModifiedTime":1711615012849}},{"hashValue":"ff3e021f9e8fbc57ed407b9513ec399f","name":"2668140110365965680","path":"D:\\HarmonyProjects\\MengYou\\Code\\FunUnion\\entry\\.preview\\default\\intermediates\\res\\default\\module_compiled\\2668140110365965680","type":"file","isSymbolicLink":false,"fileMetaData":{"size":224,"lastModifiedTime":1711615012848}},{"hashValue":"876a4835d92f15794e0b76c0f502b973","name":"2680886370858468851","path":"D:\\HarmonyProjects\\MengYou\\Code\\FunUnion\\entry\\.preview\\default\\intermediates\\res\\default\\module_compiled\\2680886370858468851","type":"file","isSymbolicLink":false,"fileMetaData":{"size":482,"lastModifiedTime":1711615012850}},{"hashValue":"834a2b5e9ec9c2a60e9f4bb8283e0187","name":"4542063422364129107","path":"D:\\HarmonyProjects\\MengYou\\Code\\FunUnion\\entry\\.preview\\default\\intermediates\\res\\default\\module_compiled\\4542063422364129107","type":"file","isSymbolicLink":false,"fileMetaData":{"size":221,"lastModifiedTime":1711615012849}},{"hashValue":"64d46b8b043b6840fddb72b1232f8cce","name":"5541033261845740193","path":"D:\\HarmonyProjects\\MengYou\\Code\\FunUnion\\entry\\.preview\\default\\intermediates\\res\\default\\module_compiled\\5541033261845740193","type":"file","isSymbolicLink":false,"fileMetaData":{"size":231,"lastModifiedTime":1711615012849}},{"hashValue":"9fe0aff38f451a205869bea6b9636746","name":"5688573594191268289","path":"D:\\HarmonyProjects\\MengYou\\Code\\FunUnion\\entry\\.preview\\default\\intermediates\\res\\default\\module_compiled\\5688573594191268289","type":"file","isSymbolicLink":false,"fileMetaData":{"size":224,"lastModifiedTime":1711615012849}},{"hashValue":"2eef54f4b8efc14d6a474352adc80068","name":"5909117634152832898","path":"D:\\HarmonyProjects\\MengYou\\Code\\FunUnion\\entry\\.preview\\default\\intermediates\\res\\default\\module_compiled\\5909117634152832898","type":"file","isSymbolicLink":false,"fileMetaData":{"size":224,"lastModifiedTime":1711615012849}},{"hashValue":"ec735b4971bf9b06192f2c3a81f79a95","name":"6321041269968741393","path":"D:\\HarmonyProjects\\MengYou\\Code\\FunUnion\\entry\\.preview\\default\\intermediates\\res\\default\\module_compiled\\6321041269968741393","type":"file","isSymbolicLink":false,"fileMetaData":{"size":224,"lastModifiedTime":1711615012849}},{"hashValue":"b9e4e25eaee39a82110e20ead446b3f4","name":"650038855043963324","path":"D:\\HarmonyProjects\\MengYou\\Code\\FunUnion\\entry\\.preview\\default\\intermediates\\res\\default\\module_compiled\\650038855043963324","type":"file","isSymbolicLink":false,"fileMetaData":{"size":287,"lastModifiedTime":1711615012846}}]},{"hashValue":"a7d17473982f850367a01002ccc27b35","name":"module.json","path":"D:\\HarmonyProjects\\MengYou\\Code\\FunUnion\\entry\\.preview\\default\\intermediates\\res\\default\\module.json","type":"file","isSymbolicLink":false,"fileMetaData":{"size":2170,"lastModifiedTime":1711615012923}},{"hashValue":"0d5ec6450cf4fd1b1089f63932dbd84e","name":"resources","path":"D:\\HarmonyProjects\\MengYou\\Code\\FunUnion\\entry\\.preview\\default\\intermediates\\res\\default\\resources","type":"directory","isSymbolicLink":false,"children":[{"hashValue":"5f1aa100297c8b1cd7c2d3e4e5f3e50f","name":"base","path":"D:\\HarmonyProjects\\MengYou\\Code\\FunUnion\\entry\\.preview\\default\\intermediates\\res\\default\\resources\\base","type":"directory","isSymbolicLink":false,"children":[{"hashValue":"85c34907015d70f0f751aeaf6ab07cc7","name":"profile","path":"D:\\HarmonyProjects\\MengYou\\Code\\FunUnion\\entry\\.preview\\default\\intermediates\\res\\default\\resources\\base\\profile","type":"directory","isSymbolicLink":false,"children":[{"hashValue":"e51333c9bc9501cf1cfaa54c1a42a497","name":"main_pages.json","path":"D:\\HarmonyProjects\\MengYou\\Code\\FunUnion\\entry\\.preview\\default\\intermediates\\res\\default\\resources\\base\\profile\\main_pages.json","type":"file","isSymbolicLink":false,"fileMetaData":{"size":75,"lastModifiedTime":1711615017678}}]}]},{"hashValue":"ee65dbbf26123a333d644343dd55ee1a","name":"rawfile","path":"D:\\HarmonyProjects\\MengYou\\Code\\FunUnion\\entry\\.preview\\default\\intermediates\\res\\default\\resources\\rawfile","type":"directory","isSymbolicLink":false,"children":[{"hashValue":"0a882f1228d0f178c79947b28a42d287","name":"privacy_policy.html","path":"D:\\HarmonyProjects\\MengYou\\Code\\FunUnion\\entry\\.preview\\default\\intermediates\\res\\default\\resources\\rawfile\\privacy_policy.html","type":"file","isSymbolicLink":false,"fileMetaData":{"size":324,"lastModifiedTime":1710408026079}},{"hashValue":"2bfa35b1ba389f858ac6c85dd3fd26ba","name":"user_agreement.html","path":"D:\\HarmonyProjects\\MengYou\\Code\\FunUnion\\entry\\.preview\\default\\intermediates\\res\\default\\resources\\rawfile\\user_agreement.html","type":"file","isSymbolicLink":false,"fileMetaData":{"size":319,"lastModifiedTime":1710408026090}}]}]},{"hashValue":"248f8797c8113e7e1d0b4fe73048a52f","name":"resources.index","path":"D:\\HarmonyProjects\\MengYou\\Code\\FunUnion\\entry\\.preview\\default\\intermediates\\res\\default\\resources.index","type":"file","isSymbolicLink":false,"fileMetaData":{"size":2524,"lastModifiedTime":1711615012922}},{"hashValue":"4c125bf2a3733fd9326c32496b2781f0","name":"ResourceTable.txt","path":"D:\\HarmonyProjects\\MengYou\\Code\\FunUnion\\entry\\.preview\\default\\intermediates\\res\\default\\ResourceTable.txt","type":"file","isSymbolicLink":false,"fileMetaData":{"size":569,"lastModifiedTime":1711615012923}}]},"D:\\HarmonyProjects\\MengYou\\Code\\FunUnion\\entry\\.preview\\default\\generated\\r\\default\\ResourceTable.h":{"hashValue":"7a9642281bb36fedc49c76816000f71c","name":"ResourceTable.h","path":"D:\\HarmonyProjects\\MengYou\\Code\\FunUnion\\entry\\.preview\\default\\generated\\r\\default\\ResourceTable.h","type":"file","isSymbolicLink":false,"fileMetaData":{"size":1598,"lastModifiedTime":1711615012923}},"D:\\HarmonyProjects\\MengYou\\Code\\FunUnion\\entry\\.preview\\default\\generated\\r\\default":{"hashValue":"974587eb63eff9b4966bc5a6c24c50b3","name":"default","path":"D:\\HarmonyProjects\\MengYou\\Code\\FunUnion\\entry\\.preview\\default\\generated\\r\\default","type":"directory","isSymbolicLink":false,"children":[{"hashValue":"7a9642281bb36fedc49c76816000f71c","name":"ResourceTable.h","path":"D:\\HarmonyProjects\\MengYou\\Code\\FunUnion\\entry\\.preview\\default\\generated\\r\\default\\ResourceTable.h","type":"file","isSymbolicLink":false,"fileMetaData":{"size":1598,"lastModifiedTime":1711615012923}}]},"D:\\HarmonyProjects\\MengYou\\Code\\FunUnion\\entry\\.preview\\config\\buildConfig.json":{"hashValue":"d178ac26486da723abc24a901382e48c","name":"buildConfig.json","path":"D:\\HarmonyProjects\\MengYou\\Code\\FunUnion\\entry\\.preview\\config\\buildConfig.json","type":"file","isSymbolicLink":false,"fileMetaData":{"size":1906,"lastModifiedTime":1711615012243}},"D:\\HarmonyProjects\\MengYou\\Code\\FunUnion\\entry\\.preview\\default\\intermediates\\res\\default\\module.json":{"hashValue":"a7d17473982f850367a01002ccc27b35","name":"module.json","path":"D:\\HarmonyProjects\\MengYou\\Code\\FunUnion\\entry\\.preview\\default\\intermediates\\res\\default\\module.json","type":"file","isSymbolicLink":false,"fileMetaData":{"size":2170,"lastModifiedTime":1711615012923}},"D:\\HarmonyProjects\\MengYou\\Code\\FunUnion\\entry\\.preview\\default\\intermediates\\res\\default\\resources\\base\\profile\\main_pages.json":{"hashValue":"e51333c9bc9501cf1cfaa54c1a42a497","name":"main_pages.json","path":"D:\\HarmonyProjects\\MengYou\\Code\\FunUnion\\entry\\.preview\\default\\intermediates\\res\\default\\resources\\base\\profile\\main_pages.json","type":"file","isSymbolicLink":false,"fileMetaData":{"size":75,"lastModifiedTime":1711615017678}},"D:\\HarmonyProjects\\MengYou\\Code\\FunUnion\\entry\\.preview\\default\\intermediates\\loader\\default":{"hashValue":"d85b053d627b53169229461e1c7b8f1f","name":"default","path":"D:\\HarmonyProjects\\MengYou\\Code\\FunUnion\\entry\\.preview\\default\\intermediates\\loader\\default","type":"directory","isSymbolicLink":false,"children":[{"hashValue":"327feee064911e6f5284ea32a80cdd5e","name":"loader.json","path":"D:\\HarmonyProjects\\MengYou\\Code\\FunUnion\\entry\\.preview\\default\\intermediates\\loader\\default\\loader.json","type":"file","isSymbolicLink":false,"fileMetaData":{"size":381,"lastModifiedTime":1711594759445}}]},"D:\\HarmonyProjects\\MengYou\\Code\\FunUnion\\entry\\.preview\\default\\intermediates\\res\\default\\ResourceTable.txt":{"hashValue":"4c125bf2a3733fd9326c32496b2781f0","name":"ResourceTable.txt","path":"D:\\HarmonyProjects\\MengYou\\Code\\FunUnion\\entry\\.preview\\default\\intermediates\\res\\default\\ResourceTable.txt","type":"file","isSymbolicLink":false,"fileMetaData":{"size":569,"lastModifiedTime":1711615012923}},"D:\\HarmonyProjects\\MengYou\\Code\\FunUnion\\entry\\.preview\\default\\intermediates\\res\\default\\resources\\base\\profile":{"hashValue":"85c34907015d70f0f751aeaf6ab07cc7","name":"profile","path":"D:\\HarmonyProjects\\MengYou\\Code\\FunUnion\\entry\\.preview\\default\\intermediates\\res\\default\\resources\\base\\profile","type":"directory","isSymbolicLink":false,"children":[{"hashValue":"e51333c9bc9501cf1cfaa54c1a42a497","name":"main_pages.json","path":"D:\\HarmonyProjects\\MengYou\\Code\\FunUnion\\entry\\.preview\\default\\intermediates\\res\\default\\resources\\base\\profile\\main_pages.json","type":"file","isSymbolicLink":false,"fileMetaData":{"size":75,"lastModifiedTime":1711615017678}}]},"D:\\HarmonyProjects\\MengYou\\Code\\FunUnion\\oh_modules\\.ohpm\\@ohos+axios@2.2.0\\oh_modules\\@ohos\\axios\\src\\main\\module.json":{"hashValue":"4f780a702268852d754b0307e908ee1d","name":"module.json","path":"D:\\HarmonyProjects\\MengYou\\Code\\FunUnion\\oh_modules\\.ohpm\\@ohos+axios@2.2.0\\oh_modules\\@ohos\\axios\\src\\main\\module.json","type":"file","isSymbolicLink":false,"fileMetaData":{"size":384,"lastModifiedTime":1709896472000}},"D:\\HarmonyProjects\\MengYou\\Code\\FunUnion\\oh_modules\\.ohpm\\@ohos+axios@2.2.0\\oh_modules\\@ohos\\axios\\src\\main\\resources":{"hashValue":"1dcc9062b7111c7084418b4422797285","name":"resources","path":"D:\\HarmonyProjects\\MengYou\\Code\\FunUnion\\oh_modules\\.ohpm\\@ohos+axios@2.2.0\\oh_modules\\@ohos\\axios\\src\\main\\resources","type":"directory","isSymbolicLink":false,"children":[{"hashValue":"b618e4cfae2bd4532bac7e34d24db87f","name":"base","path":"D:\\HarmonyProjects\\MengYou\\Code\\FunUnion\\oh_modules\\.ohpm\\@ohos+axios@2.2.0\\oh_modules\\@ohos\\axios\\src\\main\\resources\\base","type":"directory","isSymbolicLink":false,"children":[{"hashValue":"6f7598ab10413b5720e73ce7168708a3","name":"element","path":"D:\\HarmonyProjects\\MengYou\\Code\\FunUnion\\oh_modules\\.ohpm\\@ohos+axios@2.2.0\\oh_modules\\@ohos\\axios\\src\\main\\resources\\base\\element","type":"directory","isSymbolicLink":false,"children":[{"hashValue":"31d91340b265727bfbb0e287cd8b3b09","name":"string.json","path":"D:\\HarmonyProjects\\MengYou\\Code\\FunUnion\\oh_modules\\.ohpm\\@ohos+axios@2.2.0\\oh_modules\\@ohos\\axios\\src\\main\\resources\\base\\element\\string.json","type":"file","isSymbolicLink":false,"fileMetaData":{"size":108,"lastModifiedTime":1709896436000}}]}]},{"hashValue":"b618e4cfae2bd4532bac7e34d24db87f","name":"en_US","path":"D:\\HarmonyProjects\\MengYou\\Code\\FunUnion\\oh_modules\\.ohpm\\@ohos+axios@2.2.0\\oh_modules\\@ohos\\axios\\src\\main\\resources\\en_US","type":"directory","isSymbolicLink":false,"children":[{"hashValue":"6f7598ab10413b5720e73ce7168708a3","name":"element","path":"D:\\HarmonyProjects\\MengYou\\Code\\FunUnion\\oh_modules\\.ohpm\\@ohos+axios@2.2.0\\oh_modules\\@ohos\\axios\\src\\main\\resources\\en_US\\element","type":"directory","isSymbolicLink":false,"children":[{"hashValue":"31d91340b265727bfbb0e287cd8b3b09","name":"string.json","path":"D:\\HarmonyProjects\\MengYou\\Code\\FunUnion\\oh_modules\\.ohpm\\@ohos+axios@2.2.0\\oh_modules\\@ohos\\axios\\src\\main\\resources\\en_US\\element\\string.json","type":"file","isSymbolicLink":false,"fileMetaData":{"size":108,"lastModifiedTime":1709896436000}}]}]},{"hashValue":"b618e4cfae2bd4532bac7e34d24db87f","name":"zh_CN","path":"D:\\HarmonyProjects\\MengYou\\Code\\FunUnion\\oh_modules\\.ohpm\\@ohos+axios@2.2.0\\oh_modules\\@ohos\\axios\\src\\main\\resources\\zh_CN","type":"directory","isSymbolicLink":false,"children":[{"hashValue":"6f7598ab10413b5720e73ce7168708a3","name":"element","path":"D:\\HarmonyProjects\\MengYou\\Code\\FunUnion\\oh_modules\\.ohpm\\@ohos+axios@2.2.0\\oh_modules\\@ohos\\axios\\src\\main\\resources\\zh_CN\\element","type":"directory","isSymbolicLink":false,"children":[{"hashValue":"31d91340b265727bfbb0e287cd8b3b09","name":"string.json","path":"D:\\HarmonyProjects\\MengYou\\Code\\FunUnion\\oh_modules\\.ohpm\\@ohos+axios@2.2.0\\oh_modules\\@ohos\\axios\\src\\main\\resources\\zh_CN\\element\\string.json","type":"file","isSymbolicLink":false,"fileMetaData":{"size":108,"lastModifiedTime":1709896436000}}]}]}]},"D:\\HarmonyProjects\\MengYou\\Code\\FunUnion\\oh_modules\\.ohpm\\@ohos+axios@2.2.0\\oh_modules\\@ohos\\axios\\index.js":{"hashValue":"89f9d9eebc6bd2f0d62b685b186a2078","name":"index.js","path":"D:\\HarmonyProjects\\MengYou\\Code\\FunUnion\\oh_modules\\.ohpm\\@ohos+axios@2.2.0\\oh_modules\\@ohos\\axios\\index.js","type":"file","isSymbolicLink":false,"fileMetaData":{"size":743,"lastModifiedTime":1709896436000}},"D:\\HarmonyProjects\\MengYou\\Code\\FunUnion\\oh_modules\\.ohpm\\@ohos+axios@2.2.0\\oh_modules\\@ohos\\axios\\src\\main\\ets":{"hashValue":"224fd0b8e87c903505ea6ac19baf64b9","name":"ets","path":"D:\\HarmonyProjects\\MengYou\\Code\\FunUnion\\oh_modules\\.ohpm\\@ohos+axios@2.2.0\\oh_modules\\@ohos\\axios\\src\\main\\ets","type":"directory","isSymbolicLink":false,"children":[{"hashValue":"dc9d149d13c276fe46c3fb005c9ecce5","name":"components","path":"D:\\HarmonyProjects\\MengYou\\Code\\FunUnion\\oh_modules\\.ohpm\\@ohos+axios@2.2.0\\oh_modules\\@ohos\\axios\\src\\main\\ets\\components","type":"directory","isSymbolicLink":false,"children":[{"hashValue":"6b2080b4c439cce2703e8c1949ae13e4","name":"lib","path":"D:\\HarmonyProjects\\MengYou\\Code\\FunUnion\\oh_modules\\.ohpm\\@ohos+axios@2.2.0\\oh_modules\\@ohos\\axios\\src\\main\\ets\\components\\lib","type":"directory","isSymbolicLink":false,"children":[{"hashValue":"00d92f50d79bc18ac17ba1884e9834d6","name":"adapters","path":"D:\\HarmonyProjects\\MengYou\\Code\\FunUnion\\oh_modules\\.ohpm\\@ohos+axios@2.2.0\\oh_modules\\@ohos\\axios\\src\\main\\ets\\components\\lib\\adapters","type":"directory","isSymbolicLink":false,"children":[{"hashValue":"479c15e900288a7dbfdf276cea7cad1a","name":"adapters.js","path":"D:\\HarmonyProjects\\MengYou\\Code\\FunUnion\\oh_modules\\.ohpm\\@ohos+axios@2.2.0\\oh_modules\\@ohos\\axios\\src\\main\\ets\\components\\lib\\adapters\\adapters.js","type":"file","isSymbolicLink":false,"fileMetaData":{"size":1575,"lastModifiedTime":1709896436000}},{"hashValue":"f0d69c121f481d1d912640389cd8f6a0","name":"http.js","path":"D:\\HarmonyProjects\\MengYou\\Code\\FunUnion\\oh_modules\\.ohpm\\@ohos+axios@2.2.0\\oh_modules\\@ohos\\axios\\src\\main\\ets\\components\\lib\\adapters\\http.js","type":"file","isSymbolicLink":false,"fileMetaData":{"size":21614,"lastModifiedTime":1709896436000}},{"hashValue":"338d8c297e370966d25192d71b2b9a99","name":"ohos","path":"D:\\HarmonyProjects\\MengYou\\Code\\FunUnion\\oh_modules\\.ohpm\\@ohos+axios@2.2.0\\oh_modules\\@ohos\\axios\\src\\main\\ets\\components\\lib\\adapters\\ohos","type":"directory","isSymbolicLink":false,"children":[{"hashValue":"5ec5911e410c66cfa5fa9193e80c5a0e","name":"download.js","path":"D:\\HarmonyProjects\\MengYou\\Code\\FunUnion\\oh_modules\\.ohpm\\@ohos+axios@2.2.0\\oh_modules\\@ohos\\axios\\src\\main\\ets\\components\\lib\\adapters\\ohos\\download.js","type":"file","isSymbolicLink":false,"fileMetaData":{"size":3568,"lastModifiedTime":1709896436000}},{"hashValue":"7b8ad5dbe8020214bd612c77cb406775","name":"http.js","path":"D:\\HarmonyProjects\\MengYou\\Code\\FunUnion\\oh_modules\\.ohpm\\@ohos+axios@2.2.0\\oh_modules\\@ohos\\axios\\src\\main\\ets\\components\\lib\\adapters\\ohos\\http.js","type":"file","isSymbolicLink":false,"fileMetaData":{"size":4572,"lastModifiedTime":1709896436000}},{"hashValue":"205d3f8e2c4013a887f85d25f9e1584c","name":"index.js","path":"D:\\HarmonyProjects\\MengYou\\Code\\FunUnion\\oh_modules\\.ohpm\\@ohos+axios@2.2.0\\oh_modules\\@ohos\\axios\\src\\main\\ets\\components\\lib\\adapters\\ohos\\index.js","type":"file","isSymbolicLink":false,"fileMetaData":{"size":2304,"lastModifiedTime":1709896436000}},{"hashValue":"13f95c56f0f3ab3a3c2c4d54acfbafea","name":"upload.js","path":"D:\\HarmonyProjects\\MengYou\\Code\\FunUnion\\oh_modules\\.ohpm\\@ohos+axios@2.2.0\\oh_modules\\@ohos\\axios\\src\\main\\ets\\components\\lib\\adapters\\ohos\\upload.js","type":"file","isSymbolicLink":false,"fileMetaData":{"size":6750,"lastModifiedTime":1709896436000}}]},{"hashValue":"e1f2c265e5e32a2837fc12627852f74e","name":"README.md","path":"D:\\HarmonyProjects\\MengYou\\Code\\FunUnion\\oh_modules\\.ohpm\\@ohos+axios@2.2.0\\oh_modules\\@ohos\\axios\\src\\main\\ets\\components\\lib\\adapters\\README.md","type":"file","isSymbolicLink":false,"fileMetaData":{"size":952,"lastModifiedTime":1709896436000}},{"hashValue":"9ddde4bd21079711d55a33a4425426fb","name":"xhr.js","path":"D:\\HarmonyProjects\\MengYou\\Code\\FunUnion\\oh_modules\\.ohpm\\@ohos+axios@2.2.0\\oh_modules\\@ohos\\axios\\src\\main\\ets\\components\\lib\\adapters\\xhr.js","type":"file","isSymbolicLink":false,"fileMetaData":{"size":8509,"lastModifiedTime":1709896436000}}]},{"hashValue":"351bed04b29718a60714147497170f65","name":"axios.js","path":"D:\\HarmonyProjects\\MengYou\\Code\\FunUnion\\oh_modules\\.ohpm\\@ohos+axios@2.2.0\\oh_modules\\@ohos\\axios\\src\\main\\ets\\components\\lib\\axios.js","type":"file","isSymbolicLink":false,"fileMetaData":{"size":2626,"lastModifiedTime":1709896436000}},{"hashValue":"63a032029846666c6a2f00bff4837f4b","name":"cancel","path":"D:\\HarmonyProjects\\MengYou\\Code\\FunUnion\\oh_modules\\.ohpm\\@ohos+axios@2.2.0\\oh_modules\\@ohos\\axios\\src\\main\\ets\\components\\lib\\cancel","type":"directory","isSymbolicLink":false,"children":[{"hashValue":"36e7cc9e37dc5342d4b3f72c7832735d","name":"CanceledError.js","path":"D:\\HarmonyProjects\\MengYou\\Code\\FunUnion\\oh_modules\\.ohpm\\@ohos+axios@2.2.0\\oh_modules\\@ohos\\axios\\src\\main\\ets\\components\\lib\\cancel\\CanceledError.js","type":"file","isSymbolicLink":false,"fileMetaData":{"size":722,"lastModifiedTime":1709896436000}},{"hashValue":"1e56cebe72f2664a5b2af05796708f01","name":"CancelToken.js","path":"D:\\HarmonyProjects\\MengYou\\Code\\FunUnion\\oh_modules\\.ohpm\\@ohos+axios@2.2.0\\oh_modules\\@ohos\\axios\\src\\main\\ets\\components\\lib\\cancel\\CancelToken.js","type":"file","isSymbolicLink":false,"fileMetaData":{"size":2646,"lastModifiedTime":1709896436000}},{"hashValue":"e2d1338441593e7e6f47f4961226fe57","name":"isCancel.js","path":"D:\\HarmonyProjects\\MengYou\\Code\\FunUnion\\oh_modules\\.ohpm\\@ohos+axios@2.2.0\\oh_modules\\@ohos\\axios\\src\\main\\ets\\components\\lib\\cancel\\isCancel.js","type":"file","isSymbolicLink":false,"fileMetaData":{"size":104,"lastModifiedTime":1709896436000}}]},{"hashValue":"c6642f554b11c8078742130c7f54060f","name":"core","path":"D:\\HarmonyProjects\\MengYou\\Code\\FunUnion\\oh_modules\\.ohpm\\@ohos+axios@2.2.0\\oh_modules\\@ohos\\axios\\src\\main\\ets\\components\\lib\\core","type":"directory","isSymbolicLink":false,"children":[{"hashValue":"9dc908c66b6124e4250fa1dc179c2c0b","name":"Axios.js","path":"D:\\HarmonyProjects\\MengYou\\Code\\FunUnion\\oh_modules\\.ohpm\\@ohos+axios@2.2.0\\oh_modules\\@ohos\\axios\\src\\main\\ets\\components\\lib\\core\\Axios.js","type":"file","isSymbolicLink":false,"fileMetaData":{"size":6908,"lastModifiedTime":1709896436000}},{"hashValue":"518836246f0d79863c368b60761e70a6","name":"AxiosError.js","path":"D:\\HarmonyProjects\\MengYou\\Code\\FunUnion\\oh_modules\\.ohpm\\@ohos+axios@2.2.0\\oh_modules\\@ohos\\axios\\src\\main\\ets\\components\\lib\\core\\AxiosError.js","type":"file","isSymbolicLink":false,"fileMetaData":{"size":2632,"lastModifiedTime":1709896436000}},{"hashValue":"d87f37bc1768b70fc1ac237744a86554","name":"AxiosHeaders.js","path":"D:\\HarmonyProjects\\MengYou\\Code\\FunUnion\\oh_modules\\.ohpm\\@ohos+axios@2.2.0\\oh_modules\\@ohos\\axios\\src\\main\\ets\\components\\lib\\core\\AxiosHeaders.js","type":"file","isSymbolicLink":false,"fileMetaData":{"size":6966,"lastModifiedTime":1709896436000}},{"hashValue":"48d585da190c8197b69bfb10bf5e71e8","name":"buildFullPath.js","path":"D:\\HarmonyProjects\\MengYou\\Code\\FunUnion\\oh_modules\\.ohpm\\@ohos+axios@2.2.0\\oh_modules\\@ohos\\axios\\src\\main\\ets\\components\\lib\\core\\buildFullPath.js","type":"file","isSymbolicLink":false,"fileMetaData":{"size":716,"lastModifiedTime":1709896436000}},{"hashValue":"c4f7431d578387a19fd814b7cac19f15","name":"dispatchRequest.js","path":"D:\\HarmonyProjects\\MengYou\\Code\\FunUnion\\oh_modules\\.ohpm\\@ohos+axios@2.2.0\\oh_modules\\@ohos\\axios\\src\\main\\ets\\components\\lib\\core\\dispatchRequest.js","type":"file","isSymbolicLink":false,"fileMetaData":{"size":2268,"lastModifiedTime":1709896436000}},{"hashValue":"a93cb13863e29f0fe5f416ce4325d108","name":"InterceptorManager.js","path":"D:\\HarmonyProjects\\MengYou\\Code\\FunUnion\\oh_modules\\.ohpm\\@ohos+axios@2.2.0\\oh_modules\\@ohos\\axios\\src\\main\\ets\\components\\lib\\core\\InterceptorManager.js","type":"file","isSymbolicLink":false,"fileMetaData":{"size":1640,"lastModifiedTime":1709896436000}},{"hashValue":"5df0e9bdaf438b69080510b382cbe98c","name":"mergeConfig.js","path":"D:\\HarmonyProjects\\MengYou\\Code\\FunUnion\\oh_modules\\.ohpm\\@ohos+axios@2.2.0\\oh_modules\\@ohos\\axios\\src\\main\\ets\\components\\lib\\core\\mergeConfig.js","type":"file","isSymbolicLink":false,"fileMetaData":{"size":3447,"lastModifiedTime":1709896436000}},{"hashValue":"cb88b647a395a28a2c7c0168a25f90b7","name":"README.md","path":"D:\\HarmonyProjects\\MengYou\\Code\\FunUnion\\oh_modules\\.ohpm\\@ohos+axios@2.2.0\\oh_modules\\@ohos\\axios\\src\\main\\ets\\components\\lib\\core\\README.md","type":"file","isSymbolicLink":false,"fileMetaData":{"size":407,"lastModifiedTime":1709896436000}},{"hashValue":"2f4999bc3e7a1bfbf529c264515d2ba7","name":"settle.js","path":"D:\\HarmonyProjects\\MengYou\\Code\\FunUnion\\oh_modules\\.ohpm\\@ohos+axios@2.2.0\\oh_modules\\@ohos\\axios\\src\\main\\ets\\components\\lib\\core\\settle.js","type":"file","isSymbolicLink":false,"fileMetaData":{"size":863,"lastModifiedTime":1709896436000}},{"hashValue":"06008075c7c8986c88864b5bd70e6d88","name":"transformData.js","path":"D:\\HarmonyProjects\\MengYou\\Code\\FunUnion\\oh_modules\\.ohpm\\@ohos+axios@2.2.0\\oh_modules\\@ohos\\axios\\src\\main\\ets\\components\\lib\\core\\transformData.js","type":"file","isSymbolicLink":false,"fileMetaData":{"size":806,"lastModifiedTime":1709896436000}}]},{"hashValue":"a4f394a035cbcb1cef99ac97ccfc065d","name":"defaults","path":"D:\\HarmonyProjects\\MengYou\\Code\\FunUnion\\oh_modules\\.ohpm\\@ohos+axios@2.2.0\\oh_modules\\@ohos\\axios\\src\\main\\ets\\components\\lib\\defaults","type":"directory","isSymbolicLink":false,"children":[{"hashValue":"f0df8df25928fd9611e061f88122b908","name":"index.js","path":"D:\\HarmonyProjects\\MengYou\\Code\\FunUnion\\oh_modules\\.ohpm\\@ohos+axios@2.2.0\\oh_modules\\@ohos\\axios\\src\\main\\ets\\components\\lib\\defaults\\index.js","type":"file","isSymbolicLink":false,"fileMetaData":{"size":4774,"lastModifiedTime":1709896436000}},{"hashValue":"8eb06f89b9aa97e025c6b22deeff2ea3","name":"transitional.js","path":"D:\\HarmonyProjects\\MengYou\\Code\\FunUnion\\oh_modules\\.ohpm\\@ohos+axios@2.2.0\\oh_modules\\@ohos\\axios\\src\\main\\ets\\components\\lib\\defaults\\transitional.js","type":"file","isSymbolicLink":false,"fileMetaData":{"size":125,"lastModifiedTime":1709896436000}}]},{"hashValue":"b82724e34c7609ce7fbe6ca5601a600c","name":"env","path":"D:\\HarmonyProjects\\MengYou\\Code\\FunUnion\\oh_modules\\.ohpm\\@ohos+axios@2.2.0\\oh_modules\\@ohos\\axios\\src\\main\\ets\\components\\lib\\env","type":"directory","isSymbolicLink":false,"children":[{"hashValue":"3bcb38982dc00404460cf963d2ca7946","name":"classes","path":"D:\\HarmonyProjects\\MengYou\\Code\\FunUnion\\oh_modules\\.ohpm\\@ohos+axios@2.2.0\\oh_modules\\@ohos\\axios\\src\\main\\ets\\components\\lib\\env\\classes","type":"directory","isSymbolicLink":false,"children":[{"hashValue":"19711dd0453ed1f0793ef54d2fcab7b7","name":"FormData.js","path":"D:\\HarmonyProjects\\MengYou\\Code\\FunUnion\\oh_modules\\.ohpm\\@ohos+axios@2.2.0\\oh_modules\\@ohos\\axios\\src\\main\\ets\\components\\lib\\env\\classes\\FormData.js","type":"file","isSymbolicLink":false,"fileMetaData":{"size":1713,"lastModifiedTime":1709896436000}}]},{"hashValue":"035bf1c423cbddd054eff54a7f4b90ad","name":"data.js","path":"D:\\HarmonyProjects\\MengYou\\Code\\FunUnion\\oh_modules\\.ohpm\\@ohos+axios@2.2.0\\oh_modules\\@ohos\\axios\\src\\main\\ets\\components\\lib\\env\\data.js","type":"file","isSymbolicLink":false,"fileMetaData":{"size":31,"lastModifiedTime":1709896436000}},{"hashValue":"91d354765eac4bc3bc158f4f7c94624f","name":"README.md","path":"D:\\HarmonyProjects\\MengYou\\Code\\FunUnion\\oh_modules\\.ohpm\\@ohos+axios@2.2.0\\oh_modules\\@ohos\\axios\\src\\main\\ets\\components\\lib\\env\\README.md","type":"file","isSymbolicLink":false,"fileMetaData":{"size":134,"lastModifiedTime":1709896436000}}]},{"hashValue":"310df05b74e22a8cab8500bc626e7e09","name":"fileFs.js","path":"D:\\HarmonyProjects\\MengYou\\Code\\FunUnion\\oh_modules\\.ohpm\\@ohos+axios@2.2.0\\oh_modules\\@ohos\\axios\\src\\main\\ets\\components\\lib\\fileFs.js","type":"file","isSymbolicLink":false,"fileMetaData":{"size":2466,"lastModifiedTime":1709896436000}},{"hashValue":"241d01c7b54550150dd3220493786184","name":"helpers","path":"D:\\HarmonyProjects\\MengYou\\Code\\FunUnion\\oh_modules\\.ohpm\\@ohos+axios@2.2.0\\oh_modules\\@ohos\\axios\\src\\main\\ets\\components\\lib\\helpers","type":"directory","isSymbolicLink":false,"children":[{"hashValue":"0f80226833e63837873e17208c7bcf42","name":"AxiosTransformStream.js","path":"D:\\HarmonyProjects\\MengYou\\Code\\FunUnion\\oh_modules\\.ohpm\\@ohos+axios@2.2.0\\oh_modules\\@ohos\\axios\\src\\main\\ets\\components\\lib\\helpers\\AxiosTransformStream.js","type":"file","isSymbolicLink":false,"fileMetaData":{"size":5277,"lastModifiedTime":1709896436000}},{"hashValue":"ceb9179d994a957673b69b464cfd93d8","name":"AxiosURLSearchParams.js","path":"D:\\HarmonyProjects\\MengYou\\Code\\FunUnion\\oh_modules\\.ohpm\\@ohos+axios@2.2.0\\oh_modules\\@ohos\\axios\\src\\main\\ets\\components\\lib\\helpers\\AxiosURLSearchParams.js","type":"file","isSymbolicLink":false,"fileMetaData":{"size":1497,"lastModifiedTime":1709896436000}},{"hashValue":"e35ac14f9d41a35f3cb6b05da8551527","name":"bind.js","path":"D:\\HarmonyProjects\\MengYou\\Code\\FunUnion\\oh_modules\\.ohpm\\@ohos+axios@2.2.0\\oh_modules\\@ohos\\axios\\src\\main\\ets\\components\\lib\\helpers\\bind.js","type":"file","isSymbolicLink":false,"fileMetaData":{"size":141,"lastModifiedTime":1709896436000}},{"hashValue":"e13049d1601d5cd330d7a7ee3d5892ae","name":"buildURL.js","path":"D:\\HarmonyProjects\\MengYou\\Code\\FunUnion\\oh_modules\\.ohpm\\@ohos+axios@2.2.0\\oh_modules\\@ohos\\axios\\src\\main\\ets\\components\\lib\\helpers\\buildURL.js","type":"file","isSymbolicLink":false,"fileMetaData":{"size":1622,"lastModifiedTime":1709896436000}},{"hashValue":"2b3417015171df408ef12728d323ee70","name":"combineURLs.js","path":"D:\\HarmonyProjects\\MengYou\\Code\\FunUnion\\oh_modules\\.ohpm\\@ohos+axios@2.2.0\\oh_modules\\@ohos\\axios\\src\\main\\ets\\components\\lib\\helpers\\combineURLs.js","type":"file","isSymbolicLink":false,"fileMetaData":{"size":395,"lastModifiedTime":1709896436000}},{"hashValue":"09c4b5cea6fb3fc008e3f5fae0af723f","name":"cookies.js","path":"D:\\HarmonyProjects\\MengYou\\Code\\FunUnion\\oh_modules\\.ohpm\\@ohos+axios@2.2.0\\oh_modules\\@ohos\\axios\\src\\main\\ets\\components\\lib\\helpers\\cookies.js","type":"file","isSymbolicLink":false,"fileMetaData":{"size":1455,"lastModifiedTime":1709896436000}},{"hashValue":"2dc805d5dd7fdf428d7b2db0d9f9eb92","name":"deprecatedMethod.js","path":"D:\\HarmonyProjects\\MengYou\\Code\\FunUnion\\oh_modules\\.ohpm\\@ohos+axios@2.2.0\\oh_modules\\@ohos\\axios\\src\\main\\ets\\components\\lib\\helpers\\deprecatedMethod.js","type":"file","isSymbolicLink":false,"fileMetaData":{"size":772,"lastModifiedTime":1709896436000}},{"hashValue":"87c3e4f02c65eb8576970f3607d14fda","name":"formDataToJSON.js","path":"D:\\HarmonyProjects\\MengYou\\Code\\FunUnion\\oh_modules\\.ohpm\\@ohos+axios@2.2.0\\oh_modules\\@ohos\\axios\\src\\main\\ets\\components\\lib\\helpers\\formDataToJSON.js","type":"file","isSymbolicLink":false,"fileMetaData":{"size":2211,"lastModifiedTime":1709896436000}},{"hashValue":"3bddc1e1449f0e0b15426b4aced959e1","name":"formDataToStream.js","path":"D:\\HarmonyProjects\\MengYou\\Code\\FunUnion\\oh_modules\\.ohpm\\@ohos+axios@2.2.0\\oh_modules\\@ohos\\axios\\src\\main\\ets\\components\\lib\\helpers\\formDataToStream.js","type":"file","isSymbolicLink":false,"fileMetaData":{"size":2980,"lastModifiedTime":1709896436000}},{"hashValue":"ffced4d26d92012170de311ff6100f6d","name":"fromDataURI.js","path":"D:\\HarmonyProjects\\MengYou\\Code\\FunUnion\\oh_modules\\.ohpm\\@ohos+axios@2.2.0\\oh_modules\\@ohos\\axios\\src\\main\\ets\\components\\lib\\helpers\\fromDataURI.js","type":"file","isSymbolicLink":false,"fileMetaData":{"size":1418,"lastModifiedTime":1709896436000}},{"hashValue":"2f633079e72cd05b902c0914d1e24382","name":"HttpStatusCode.js","path":"D:\\HarmonyProjects\\MengYou\\Code\\FunUnion\\oh_modules\\.ohpm\\@ohos+axios@2.2.0\\oh_modules\\@ohos\\axios\\src\\main\\ets\\components\\lib\\helpers\\HttpStatusCode.js","type":"file","isSymbolicLink":false,"fileMetaData":{"size":1671,"lastModifiedTime":1709896436000}},{"hashValue":"d2f7f5aec449c4cc1b3b706b33c22373","name":"isAbsoluteURL.js","path":"D:\\HarmonyProjects\\MengYou\\Code\\FunUnion\\oh_modules\\.ohpm\\@ohos+axios@2.2.0\\oh_modules\\@ohos\\axios\\src\\main\\ets\\components\\lib\\helpers\\isAbsoluteURL.js","type":"file","isSymbolicLink":false,"fileMetaData":{"size":576,"lastModifiedTime":1709896436000}},{"hashValue":"8ee422065eb65f09f4f476c1bb050c5c","name":"isAxiosError.js","path":"D:\\HarmonyProjects\\MengYou\\Code\\FunUnion\\oh_modules\\.ohpm\\@ohos+axios@2.2.0\\oh_modules\\@ohos\\axios\\src\\main\\ets\\components\\lib\\helpers\\isAxiosError.js","type":"file","isSymbolicLink":false,"fileMetaData":{"size":387,"lastModifiedTime":1709896436000}},{"hashValue":"0e21a3bed98b83148a1296bb30f916c0","name":"isURLSameOrigin.js","path":"D:\\HarmonyProjects\\MengYou\\Code\\FunUnion\\oh_modules\\.ohpm\\@ohos+axios@2.2.0\\oh_modules\\@ohos\\axios\\src\\main\\ets\\components\\lib\\helpers\\isURLSameOrigin.js","type":"file","isSymbolicLink":false,"fileMetaData":{"size":2334,"lastModifiedTime":1709896436000}},{"hashValue":"f90117da93c9aa9a692fa83e72436f56","name":"null.js","path":"D:\\HarmonyProjects\\MengYou\\Code\\FunUnion\\oh_modules\\.ohpm\\@ohos+axios@2.2.0\\oh_modules\\@ohos\\axios\\src\\main\\ets\\components\\lib\\helpers\\null.js","type":"file","isSymbolicLink":false,"fileMetaData":{"size":58,"lastModifiedTime":1709896436000}},{"hashValue":"ab84196ddbcfe449b982c67080a3524a","name":"parseHeaders.js","path":"D:\\HarmonyProjects\\MengYou\\Code\\FunUnion\\oh_modules\\.ohpm\\@ohos+axios@2.2.0\\oh_modules\\@ohos\\axios\\src\\main\\ets\\components\\lib\\helpers\\parseHeaders.js","type":"file","isSymbolicLink":false,"fileMetaData":{"size":1437,"lastModifiedTime":1709896436000}},{"hashValue":"4e5ca0714e9140570a21c7512c40e2c5","name":"parseProtocol.js","path":"D:\\HarmonyProjects\\MengYou\\Code\\FunUnion\\oh_modules\\.ohpm\\@ohos+axios@2.2.0\\oh_modules\\@ohos\\axios\\src\\main\\ets\\components\\lib\\helpers\\parseProtocol.js","type":"file","isSymbolicLink":false,"fileMetaData":{"size":157,"lastModifiedTime":1709896436000}},{"hashValue":"20bb50680ef2a86cdbda5423b5b6f4d7","name":"readBlob.js","path":"D:\\HarmonyProjects\\MengYou\\Code\\FunUnion\\oh_modules\\.ohpm\\@ohos+axios@2.2.0\\oh_modules\\@ohos\\axios\\src\\main\\ets\\components\\lib\\helpers\\readBlob.js","type":"file","isSymbolicLink":false,"fileMetaData":{"size":333,"lastModifiedTime":1709896436000}},{"hashValue":"24e89595655783be2a36d273d57daea2","name":"README.md","path":"D:\\HarmonyProjects\\MengYou\\Code\\FunUnion\\oh_modules\\.ohpm\\@ohos+axios@2.2.0\\oh_modules\\@ohos\\axios\\src\\main\\ets\\components\\lib\\helpers\\README.md","type":"file","isSymbolicLink":false,"fileMetaData":{"size":358,"lastModifiedTime":1709896436000}},{"hashValue":"cdfdbbca1cc4eb96bc0f0ef5b2c776fe","name":"speedometer.js","path":"D:\\HarmonyProjects\\MengYou\\Code\\FunUnion\\oh_modules\\.ohpm\\@ohos+axios@2.2.0\\oh_modules\\@ohos\\axios\\src\\main\\ets\\components\\lib\\helpers\\speedometer.js","type":"file","isSymbolicLink":false,"fileMetaData":{"size":1147,"lastModifiedTime":1709896436000}},{"hashValue":"ce1923a2595128c31cf457b7e0d03ffb","name":"spread.js","path":"D:\\HarmonyProjects\\MengYou\\Code\\FunUnion\\oh_modules\\.ohpm\\@ohos+axios@2.2.0\\oh_modules\\@ohos\\axios\\src\\main\\ets\\components\\lib\\helpers\\spread.js","type":"file","isSymbolicLink":false,"fileMetaData":{"size":592,"lastModifiedTime":1709896436000}},{"hashValue":"8919e77bd27a79c8142b20de53700f92","name":"throttle.js","path":"D:\\HarmonyProjects\\MengYou\\Code\\FunUnion\\oh_modules\\.ohpm\\@ohos+axios@2.2.0\\oh_modules\\@ohos\\axios\\src\\main\\ets\\components\\lib\\helpers\\throttle.js","type":"file","isSymbolicLink":false,"fileMetaData":{"size":735,"lastModifiedTime":1709896436000}},{"hashValue":"fa0f263fcb7b3ca0a20bf76328610c54","name":"toFormData.js","path":"D:\\HarmonyProjects\\MengYou\\Code\\FunUnion\\oh_modules\\.ohpm\\@ohos+axios@2.2.0\\oh_modules\\@ohos\\axios\\src\\main\\ets\\components\\lib\\helpers\\toFormData.js","type":"file","isSymbolicLink":false,"fileMetaData":{"size":6263,"lastModifiedTime":1709896436000}},{"hashValue":"d9de57a27fc20a36a472b76def15481b","name":"toURLEncodedForm.js","path":"D:\\HarmonyProjects\\MengYou\\Code\\FunUnion\\oh_modules\\.ohpm\\@ohos+axios@2.2.0\\oh_modules\\@ohos\\axios\\src\\main\\ets\\components\\lib\\helpers\\toURLEncodedForm.js","type":"file","isSymbolicLink":false,"fileMetaData":{"size":566,"lastModifiedTime":1709896436000}},{"hashValue":"4195914eb81f8821d8bb632aee814883","name":"validator.js","path":"D:\\HarmonyProjects\\MengYou\\Code\\FunUnion\\oh_modules\\.ohpm\\@ohos+axios@2.2.0\\oh_modules\\@ohos\\axios\\src\\main\\ets\\components\\lib\\helpers\\validator.js","type":"file","isSymbolicLink":false,"fileMetaData":{"size":2648,"lastModifiedTime":1709896436000}},{"hashValue":"2687035571d8823c093065ff5f349eb3","name":"ZlibHeaderTransformStream.js","path":"D:\\HarmonyProjects\\MengYou\\Code\\FunUnion\\oh_modules\\.ohpm\\@ohos+axios@2.2.0\\oh_modules\\@ohos\\axios\\src\\main\\ets\\components\\lib\\helpers\\ZlibHeaderTransformStream.js","type":"file","isSymbolicLink":false,"fileMetaData":{"size":709,"lastModifiedTime":1709896436000}}]},{"hashValue":"ed144c1450c1ee810e7240c82414832a","name":"platform","path":"D:\\HarmonyProjects\\MengYou\\Code\\FunUnion\\oh_modules\\.ohpm\\@ohos+axios@2.2.0\\oh_modules\\@ohos\\axios\\src\\main\\ets\\components\\lib\\platform","type":"directory","isSymbolicLink":false,"children":[{"hashValue":"c39aad13c6a52479d834daee37bc4904","name":"index.js","path":"D:\\HarmonyProjects\\MengYou\\Code\\FunUnion\\oh_modules\\.ohpm\\@ohos+axios@2.2.0\\oh_modules\\@ohos\\axios\\src\\main\\ets\\components\\lib\\platform\\index.js","type":"file","isSymbolicLink":false,"fileMetaData":{"size":73,"lastModifiedTime":1709896436000}},{"hashValue":"ac3c2030ada8f3c557d52343efffa870","name":"ohos","path":"D:\\HarmonyProjects\\MengYou\\Code\\FunUnion\\oh_modules\\.ohpm\\@ohos+axios@2.2.0\\oh_modules\\@ohos\\axios\\src\\main\\ets\\components\\lib\\platform\\ohos","type":"directory","isSymbolicLink":false,"children":[{"hashValue":"a19bfc090750c66ccb66be019d58ab40","name":"classes","path":"D:\\HarmonyProjects\\MengYou\\Code\\FunUnion\\oh_modules\\.ohpm\\@ohos+axios@2.2.0\\oh_modules\\@ohos\\axios\\src\\main\\ets\\components\\lib\\platform\\ohos\\classes","type":"directory","isSymbolicLink":false,"children":[{"hashValue":"42e0e29f0b55b5ebd33bb33741235ea6","name":"FormData.js","path":"D:\\HarmonyProjects\\MengYou\\Code\\FunUnion\\oh_modules\\.ohpm\\@ohos+axios@2.2.0\\oh_modules\\@ohos\\axios\\src\\main\\ets\\components\\lib\\platform\\ohos\\classes\\FormData.js","type":"file","isSymbolicLink":false,"fileMetaData":{"size":768,"lastModifiedTime":1709896436000}},{"hashValue":"4c911455a88da26330b33a8de7bbc9d0","name":"URLSearchParams.js","path":"D:\\HarmonyProjects\\MengYou\\Code\\FunUnion\\oh_modules\\.ohpm\\@ohos+axios@2.2.0\\oh_modules\\@ohos\\axios\\src\\main\\ets\\components\\lib\\platform\\ohos\\classes\\URLSearchParams.js","type":"file","isSymbolicLink":false,"fileMetaData":{"size":765,"lastModifiedTime":1709896436000}}]},{"hashValue":"cb6b1ab0177a353dda149dd04e467c99","name":"index.js","path":"D:\\HarmonyProjects\\MengYou\\Code\\FunUnion\\oh_modules\\.ohpm\\@ohos+axios@2.2.0\\oh_modules\\@ohos\\axios\\src\\main\\ets\\components\\lib\\platform\\ohos\\index.js","type":"file","isSymbolicLink":false,"fileMetaData":{"size":991,"lastModifiedTime":1709896436000}}]}]},{"hashValue":"128b21b538b1a8afbb78634306938b97","name":"utils.js","path":"D:\\HarmonyProjects\\MengYou\\Code\\FunUnion\\oh_modules\\.ohpm\\@ohos+axios@2.2.0\\oh_modules\\@ohos\\axios\\src\\main\\ets\\components\\lib\\utils.js","type":"file","isSymbolicLink":false,"fileMetaData":{"size":18118,"lastModifiedTime":1709896436000}}]}]}]},"D:\\HarmonyProjects\\MengYou\\Code\\FunUnion\\oh_modules\\.ohpm\\@ohos+axios@2.2.0\\oh_modules\\@ohos\\axios\\libs":{"hashValue":"","name":"libs","path":"D:\\HarmonyProjects\\MengYou\\Code\\FunUnion\\oh_modules\\.ohpm\\@ohos+axios@2.2.0\\oh_modules\\@ohos\\axios\\libs","type":"directory","isSymbolicLink":false,"children":[]},"{\"commandList\":[\"C:\\\\Huawei\\\\SDK\\\\openharmony\\\\9\\\\toolchains\\\\restool.exe\",\"-m\",\"entry\",\"-f\",\"-j\",\"D:\\\\HarmonyProjects\\\\MengYou\\\\Code\\\\FunUnion\\\\entry\\\\.preview\\\\default\\\\intermediates\\\\process_profile\\\\default\\\\module.json\",\"-p\",\"com.snkey.sl1\",\"-o\",\"D:\\\\HarmonyProjects\\\\MengYou\\\\Code\\\\FunUnion\\\\entry\\\\.preview\\\\default\\\\intermediates\\\\res\\\\default\",\"-r\",\"D:\\\\HarmonyProjects\\\\MengYou\\\\Code\\\\FunUnion\\\\entry\\\\.preview\\\\default\\\\generated\\\\r\\\\default\\\\ResourceTable.h\"],\"inputFiles\":{\"_group\":{}},\"outputFiles\":{\"_group\":{}},\"existsResourceDir\":true,\"restoolLinkParamObj\":{\"appScopeResources\":\"D:\\\\HarmonyProjects\\\\MengYou\\\\Code\\\\FunUnion\\\\AppScope\\\\resources\",\"moduleResourcesMap\":{},\"harResourcesMap\":{},\"outputPath\":\"D:\\\\HarmonyProjects\\\\MengYou\\\\Code\\\\FunUnion\\\\entry\\\\.preview\\\\default\\\\intermediates\\\\res\\\\default\",\"linkCommand\":[\"C:\\\\Huawei\\\\SDK\\\\openharmony\\\\9\\\\toolchains\\\\restool.exe\",\"-m\",\"entry\",\"-f\",\"-j\",\"D:\\\\HarmonyProjects\\\\MengYou\\\\Code\\\\FunUnion\\\\entry\\\\.preview\\\\default\\\\intermediates\\\\process_profile\\\\default\\\\module.json\",\"-p\",\"com.snkey.sl1\",\"-r\",\"D:\\\\HarmonyProjects\\\\MengYou\\\\Code\\\\FunUnion\\\\entry\\\\.preview\\\\default\\\\generated\\\\r\\\\default\\\\ResourceTable.h\",\"-z\"]}}":{"hashValue":"","name":"emptyroot","path":"","type":"unknown","isSymbolicLink":false,"children":[]},"D:\\HarmonyProjects\\MengYou\\Code\\FunUnion\\entry\\.preview\\default\\intermediates\\loader_out\\default\\ets":{"hashValue":"","name":"emptyroot","path":"","type":"unknown","isSymbolicLink":false,"children":[]}}