{"APP_RESOURCES":"D:\\HarmonyProjects\\MengYou\\Code\\FunUnion\\AppScope\\resources","MODULE_RESOURCES":"{\"D:\\\\HarmonyProjects\\\\MengYou\\\\Code\\\\FunUnion\\\\entry\\\\src\\\\main\\\\resources\":\"module_compiled\"}","HAR_RESOURCES":"{\"D:\\\\HarmonyProjects\\\\MengYou\\\\Code\\\\FunUnion\\\\oh_modules\\\\.ohpm\\\\@ohos+axios@2.2.0\\\\oh_modules\\\\@ohos\\\\axios\\\\src\\\\main\\\\resources\":\"har_compiled\"}","PREVIEW_GENERATE_SOURCE_DIR":"D:\\HarmonyProjects\\MengYou\\Code\\FunUnion\\entry\\.preview\\default\\generated\\r\\default","PREVIEW_COMPILE_MODULE_NAMES":"entry"}
