{
  "version": "1.0",
  "workerIdList": [
    -1
  ],
  "metrics": [
    {
      "type": "build_line",
      "endTime": 1711614226925,
      "status": "closed",
      "children": [],
      "name": "overallTime",
      "taskName": "init",
      "taskPath": "entry",
      "workerId": -1,
      "startTime": 1711614226924
    },
    {
      "type": "build_line",
      "endTime": 1711614226932,
      "status": "closed",
      "children": [],
      "name": "overallTime",
      "taskName": "init",
      "taskPath": "FunUnion",
      "workerId": -1,
      "startTime": 1711614226932
    },
    {
      "type": "build_line",
      "endTime": 1711614234439,
      "status": "closed",
      "children": [],
      "name": "overallTime",
      "taskName": "default@PreBuild",
      "taskPath": "entry",
      "workerId": -1,
      "startTime": 1711614234436
    },
    {
      "type": "build_line",
      "endTime": 1711614234446,
      "status": "closed",
      "children": [],
      "name": "overallTime",
      "taskName": "default@MergeProfile",
      "taskPath": "entry",
      "workerId": -1,
      "startTime": 1711614234444
    },
    {
      "type": "build_line",
      "endTime": 1711614234450,
      "status": "closed",
      "children": [],
      "name": "overallTime",
      "taskName": "default@GenerateLoaderJson",
      "taskPath": "entry",
      "workerId": -1,
      "startTime": 1711614234449
    },
    {
      "type": "build_line",
      "endTime": 1711614234455,
      "status": "closed",
      "children": [],
      "name": "overallTime",
      "taskName": "default@ProcessProfile",
      "taskPath": "entry",
      "workerId": -1,
      "startTime": 1711614234454
    },
    {
      "type": "build_line",
      "endTime": 1711614234462,
      "status": "closed",
      "children": [],
      "name": "overallTime",
      "taskName": "default@PreviewProcessResource",
      "taskPath": "entry",
      "workerId": -1,
      "startTime": 1711614234456
    },
    {
      "type": "build_line",
      "endTime": 1711614234705,
      "status": "closed",
      "children": [],
      "name": "overallTime",
      "taskName": "default@PreviewCompileResource",
      "taskPath": "entry",
      "workerId": -1,
      "startTime": 1711614234464
    },
    {
      "type": "build_line",
      "endTime": 1711614234706,
      "status": "closed",
      "children": [],
      "name": "overallTime",
      "taskName": "default@PreviewHookCompileResource",
      "taskPath": "entry",
      "workerId": -1,
      "startTime": 1711614234705
    },
    {
      "type": "build_line",
      "endTime": 1711614234710,
      "status": "closed",
      "children": [],
      "name": "overallTime",
      "taskName": "default@ReplacePreviewerPage",
      "taskPath": "entry",
      "workerId": -1,
      "startTime": 1711614234706
    },
    {
      "type": "build_line",
      "endTime": 1711614234711,
      "status": "closed",
      "children": [],
      "name": "overallTime",
      "taskName": "buildPreviewerResource",
      "taskPath": "entry",
      "workerId": -1,
      "startTime": 1711614234711
    },
    {
      "type": "build_line",
      "endTime": 1711614234714,
      "status": "closed",
      "children": [],
      "name": "overallTime",
      "taskName": "default@PreviewUpdateAssets",
      "taskPath": "entry",
      "workerId": -1,
      "startTime": 1711614234712
    },
    {
      "type": "build_line",
      "endTime": 1711614238056,
      "status": "closed",
      "children": [],
      "name": "overallTime",
      "taskName": "default@PreviewArkTS",
      "taskPath": "entry",
      "workerId": -1,
      "startTime": 1711614234714
    },
    {
      "type": "build_line",
      "endTime": 1711614238059,
      "status": "closed",
      "children": [],
      "name": "overallTime",
      "taskName": "PreviewBuild",
      "taskPath": "entry",
      "workerId": -1,
      "startTime": 1711614238059
    },
    {
      "type": "build_line",
      "endTime": 1711614320099,
      "status": "closed",
      "children": [],
      "name": "overallTime",
      "taskName": "init",
      "taskPath": "entry",
      "workerId": -1,
      "startTime": 1711614320099
    },
    {
      "type": "build_line",
      "endTime": 1711614320102,
      "status": "closed",
      "children": [],
      "name": "overallTime",
      "taskName": "init",
      "taskPath": "FunUnion",
      "workerId": -1,
      "startTime": 1711614320102
    },
    {
      "type": "build_line",
      "endTime": 1711614323611,
      "status": "closed",
      "children": [],
      "name": "overallTime",
      "taskName": "default@PreBuild",
      "taskPath": "entry",
      "workerId": -1,
      "startTime": 1711614323610
    },
    {
      "type": "build_line",
      "endTime": 1711614323613,
      "status": "closed",
      "children": [],
      "name": "overallTime",
      "taskName": "default@MergeProfile",
      "taskPath": "entry",
      "workerId": -1,
      "startTime": 1711614323612
    },
    {
      "type": "build_line",
      "endTime": 1711614323616,
      "status": "closed",
      "children": [],
      "name": "overallTime",
      "taskName": "default@GenerateLoaderJson",
      "taskPath": "entry",
      "workerId": -1,
      "startTime": 1711614323615
    },
    {
      "type": "build_line",
      "endTime": 1711614323619,
      "status": "closed",
      "children": [],
      "name": "overallTime",
      "taskName": "default@ProcessProfile",
      "taskPath": "entry",
      "workerId": -1,
      "startTime": 1711614323618
    },
    {
      "type": "build_line",
      "endTime": 1711614323627,
      "status": "closed",
      "children": [],
      "name": "overallTime",
      "taskName": "default@PreviewProcessResource",
      "taskPath": "entry",
      "workerId": -1,
      "startTime": 1711614323624
    },
    {
      "type": "build_line",
      "endTime": 1711614323798,
      "status": "closed",
      "children": [],
      "name": "overallTime",
      "taskName": "default@PreviewCompileResource",
      "taskPath": "entry",
      "workerId": -1,
      "startTime": 1711614323634
    },
    {
      "type": "build_line",
      "endTime": 1711614323798,
      "status": "closed",
      "children": [],
      "name": "overallTime",
      "taskName": "default@PreviewHookCompileResource",
      "taskPath": "entry",
      "workerId": -1,
      "startTime": 1711614323798
    },
    {
      "type": "build_line",
      "endTime": 1711614323802,
      "status": "closed",
      "children": [],
      "name": "overallTime",
      "taskName": "default@ReplacePreviewerPage",
      "taskPath": "entry",
      "workerId": -1,
      "startTime": 1711614323799
    },
    {
      "type": "build_line",
      "endTime": 1711614323802,
      "status": "closed",
      "children": [],
      "name": "overallTime",
      "taskName": "buildPreviewerResource",
      "taskPath": "entry",
      "workerId": -1,
      "startTime": 1711614323802
    },
    {
      "type": "build_line",
      "endTime": 1711614323806,
      "status": "closed",
      "children": [],
      "name": "overallTime",
      "taskName": "default@PreviewUpdateAssets",
      "taskPath": "entry",
      "workerId": -1,
      "startTime": 1711614323804
    },
    {
      "type": "build_line",
      "endTime": 1711614328459,
      "status": "closed",
      "children": [],
      "name": "overallTime",
      "taskName": "default@PreviewArkTS",
      "taskPath": "entry",
      "workerId": -1,
      "startTime": 1711614323807
    },
    {
      "type": "build_line",
      "endTime": 1711614328462,
      "status": "closed",
      "children": [],
      "name": "overallTime",
      "taskName": "PreviewBuild",
      "taskPath": "entry",
      "workerId": -1,
      "startTime": 1711614328462
    },
    {
      "type": "build_line",
      "endTime": 1711614524505,
      "status": "closed",
      "children": [],
      "name": "overallTime",
      "taskName": "default@PreBuild",
      "taskPath": "entry",
      "workerId": -1,
      "startTime": 1711614524503
    },
    {
      "type": "build_line",
      "endTime": 1711614524508,
      "status": "closed",
      "children": [],
      "name": "overallTime",
      "taskName": "default@MergeProfile",
      "taskPath": "entry",
      "workerId": -1,
      "startTime": 1711614524507
    },
    {
      "type": "build_line",
      "endTime": 1711614524512,
      "status": "closed",
      "children": [],
      "name": "overallTime",
      "taskName": "default@GenerateLoaderJson",
      "taskPath": "entry",
      "workerId": -1,
      "startTime": 1711614524511
    },
    {
      "type": "build_line",
      "endTime": 1711614524515,
      "status": "closed",
      "children": [],
      "name": "overallTime",
      "taskName": "default@ProcessProfile",
      "taskPath": "entry",
      "workerId": -1,
      "startTime": 1711614524514
    },
    {
      "type": "build_line",
      "endTime": 1711614524518,
      "status": "closed",
      "children": [],
      "name": "overallTime",
      "taskName": "default@PreviewProcessResource",
      "taskPath": "entry",
      "workerId": -1,
      "startTime": 1711614524516
    },
    {
      "type": "build_line",
      "endTime": 1711614524665,
      "status": "closed",
      "children": [],
      "name": "overallTime",
      "taskName": "default@PreviewCompileResource",
      "taskPath": "entry",
      "workerId": -1,
      "startTime": 1711614524519
    },
    {
      "type": "build_line",
      "endTime": 1711614524666,
      "status": "closed",
      "children": [],
      "name": "overallTime",
      "taskName": "default@PreviewHookCompileResource",
      "taskPath": "entry",
      "workerId": -1,
      "startTime": 1711614524666
    },
    {
      "type": "build_line",
      "endTime": 1711614524668,
      "status": "closed",
      "children": [],
      "name": "overallTime",
      "taskName": "default@ReplacePreviewerPage",
      "taskPath": "entry",
      "workerId": -1,
      "startTime": 1711614524667
    },
    {
      "type": "build_line",
      "endTime": 1711614524669,
      "status": "closed",
      "children": [],
      "name": "overallTime",
      "taskName": "buildPreviewerResource",
      "taskPath": "entry",
      "workerId": -1,
      "startTime": 1711614524669
    },
    {
      "type": "build_line",
      "endTime": 1711614524685,
      "status": "closed",
      "children": [],
      "name": "overallTime",
      "taskName": "default@PreviewUpdateAssets",
      "taskPath": "entry",
      "workerId": -1,
      "startTime": 1711614524684
    },
    {
      "type": "build_line",
      "endTime": 1711614529466,
      "status": "closed",
      "children": [],
      "name": "overallTime",
      "taskName": "default@PreviewArkTS",
      "taskPath": "entry",
      "workerId": -1,
      "startTime": 1711614524685
    },
    {
      "type": "build_line",
      "endTime": 1711614529469,
      "status": "closed",
      "children": [],
      "name": "overallTime",
      "taskName": "PreviewBuild",
      "taskPath": "entry",
      "workerId": -1,
      "startTime": 1711614529468
    },
    {
      "type": "build_line",
      "endTime": 1711614834205,
      "status": "closed",
      "children": [],
      "name": "overallTime",
      "taskName": "init",
      "taskPath": "entry",
      "workerId": -1,
      "startTime": 1711614834204
    },
    {
      "type": "build_line",
      "endTime": 1711614834205,
      "status": "closed",
      "children": [],
      "name": "overallTime",
      "taskName": "init",
      "taskPath": "FunUnion",
      "workerId": -1,
      "startTime": 1711614834205
    },
    {
      "type": "build_line",
      "endTime": 1711614837474,
      "status": "closed",
      "children": [],
      "name": "overallTime",
      "taskName": "default@PreBuild",
      "taskPath": "entry",
      "workerId": -1,
      "startTime": 1711614837473
    },
    {
      "type": "build_line",
      "endTime": 1711614837476,
      "status": "closed",
      "children": [],
      "name": "overallTime",
      "taskName": "default@MergeProfile",
      "taskPath": "entry",
      "workerId": -1,
      "startTime": 1711614837475
    },
    {
      "type": "build_line",
      "endTime": 1711614837479,
      "status": "closed",
      "children": [],
      "name": "overallTime",
      "taskName": "default@GenerateLoaderJson",
      "taskPath": "entry",
      "workerId": -1,
      "startTime": 1711614837478
    },
    {
      "type": "build_line",
      "endTime": 1711614837481,
      "status": "closed",
      "children": [],
      "name": "overallTime",
      "taskName": "default@ProcessProfile",
      "taskPath": "entry",
      "workerId": -1,
      "startTime": 1711614837481
    },
    {
      "type": "build_line",
      "endTime": 1711614837487,
      "status": "closed",
      "children": [],
      "name": "overallTime",
      "taskName": "default@PreviewProcessResource",
      "taskPath": "entry",
      "workerId": -1,
      "startTime": 1711614837483
    },
    {
      "type": "build_line",
      "endTime": 1711614837642,
      "status": "closed",
      "children": [],
      "name": "overallTime",
      "taskName": "default@PreviewCompileResource",
      "taskPath": "entry",
      "workerId": -1,
      "startTime": 1711614837493
    },
    {
      "type": "build_line",
      "endTime": 1711614837643,
      "status": "closed",
      "children": [],
      "name": "overallTime",
      "taskName": "default@PreviewHookCompileResource",
      "taskPath": "entry",
      "workerId": -1,
      "startTime": 1711614837643
    },
    {
      "type": "build_line",
      "endTime": 1711614837645,
      "status": "closed",
      "children": [],
      "name": "overallTime",
      "taskName": "default@ReplacePreviewerPage",
      "taskPath": "entry",
      "workerId": -1,
      "startTime": 1711614837643
    },
    {
      "type": "build_line",
      "endTime": 1711614837646,
      "status": "closed",
      "children": [],
      "name": "overallTime",
      "taskName": "buildPreviewerResource",
      "taskPath": "entry",
      "workerId": -1,
      "startTime": 1711614837646
    },
    {
      "type": "build_line",
      "endTime": 1711614837647,
      "status": "closed",
      "children": [],
      "name": "overallTime",
      "taskName": "default@PreviewUpdateAssets",
      "taskPath": "entry",
      "workerId": -1,
      "startTime": 1711614837646
    },
    {
      "type": "build_line",
      "endTime": 1711614842190,
      "status": "closed",
      "children": [],
      "name": "overallTime",
      "taskName": "default@PreviewArkTS",
      "taskPath": "entry",
      "workerId": -1,
      "startTime": 1711614837648
    },
    {
      "type": "build_line",
      "endTime": 1711614842192,
      "status": "closed",
      "children": [],
      "name": "overallTime",
      "taskName": "PreviewBuild",
      "taskPath": "entry",
      "workerId": -1,
      "startTime": 1711614842192
    },
    {
      "type": "build_line",
      "endTime": 1711615012786,
      "status": "closed",
      "children": [],
      "name": "overallTime",
      "taskName": "default@PreBuild",
      "taskPath": "entry",
      "workerId": -1,
      "startTime": 1711615012785
    },
    {
      "type": "build_line",
      "endTime": 1711615012787,
      "status": "closed",
      "children": [],
      "name": "overallTime",
      "taskName": "default@MergeProfile",
      "taskPath": "entry",
      "workerId": -1,
      "startTime": 1711615012787
    },
    {
      "type": "build_line",
      "endTime": 1711615012790,
      "status": "closed",
      "children": [],
      "name": "overallTime",
      "taskName": "default@GenerateLoaderJson",
      "taskPath": "entry",
      "workerId": -1,
      "startTime": 1711615012789
    },
    {
      "type": "build_line",
      "endTime": 1711615012791,
      "status": "closed",
      "children": [],
      "name": "overallTime",
      "taskName": "default@ProcessProfile",
      "taskPath": "entry",
      "workerId": -1,
      "startTime": 1711615012791
    },
    {
      "type": "build_line",
      "endTime": 1711615012794,
      "status": "closed",
      "children": [],
      "name": "overallTime",
      "taskName": "default@PreviewProcessResource",
      "taskPath": "entry",
      "workerId": -1,
      "startTime": 1711615012792
    },
    {
      "type": "build_line",
      "endTime": 1711615012927,
      "status": "closed",
      "children": [],
      "name": "overallTime",
      "taskName": "default@PreviewCompileResource",
      "taskPath": "entry",
      "workerId": -1,
      "startTime": 1711615012796
    },
    {
      "type": "build_line",
      "endTime": 1711615012928,
      "status": "closed",
      "children": [],
      "name": "overallTime",
      "taskName": "default@PreviewHookCompileResource",
      "taskPath": "entry",
      "workerId": -1,
      "startTime": 1711615012928
    },
    {
      "type": "build_line",
      "endTime": 1711615012930,
      "status": "closed",
      "children": [],
      "name": "overallTime",
      "taskName": "default@ReplacePreviewerPage",
      "taskPath": "entry",
      "workerId": -1,
      "startTime": 1711615012928
    },
    {
      "type": "build_line",
      "endTime": 1711615012930,
      "status": "closed",
      "children": [],
      "name": "overallTime",
      "taskName": "buildPreviewerResource",
      "taskPath": "entry",
      "workerId": -1,
      "startTime": 1711615012930
    },
    {
      "type": "build_line",
      "endTime": 1711615012933,
      "status": "closed",
      "children": [],
      "name": "overallTime",
      "taskName": "default@PreviewUpdateAssets",
      "taskPath": "entry",
      "workerId": -1,
      "startTime": 1711615012932
    },
    {
      "type": "build_line",
      "endTime": 1711615017676,
      "status": "closed",
      "children": [],
      "name": "overallTime",
      "taskName": "default@PreviewArkTS",
      "taskPath": "entry",
      "workerId": -1,
      "startTime": 1711615012934
    },
    {
      "type": "build_line",
      "endTime": 1711615017677,
      "status": "closed",
      "children": [],
      "name": "overallTime",
      "taskName": "PreviewBuild",
      "taskPath": "entry",
      "workerId": -1,
      "startTime": 1711615017677
    }
  ],
  "workLog": []
}