{"deviceType":"phone,tablet","checkEntry":"true","localPropertiesPath":"D:\\HarmonyProjects\\MengYou\\Code\\FunUnion\\local.properties","Path":"C:\\Huawei\\nodejs\\","note":"false","aceProfilePath":"D:\\HarmonyProjects\\MengYou\\Code\\FunUnion\\entry\\.preview\\default\\intermediates\\res\\default\\resources\\base\\profile","isPreview":"true","hapMode":"false","buildMode":"debug","img2bin":"true","projectProfilePath":"D:\\HarmonyProjects\\MengYou\\Code\\FunUnion\\build-profile.json5","watchMode":"true","appResource":"D:\\HarmonyProjects\\MengYou\\Code\\FunUnion\\entry\\.preview\\default\\intermediates\\res\\default\\ResourceTable.txt","logLevel":"3","stageRouterConfig":{"contents":["{\"module\":{\"pages\":\"$profile:main_pages\",\"name\":\"entry\"}}","{\"src\":[\"pages/Login\",\"pages/MainPage\",\"pages/MyWebPage\",\"pages/TestPage\"]}"],"paths":["D:\\HarmonyProjects\\MengYou\\Code\\FunUnion\\entry\\.preview\\default\\intermediates\\res\\default\\module.json","D:\\HarmonyProjects\\MengYou\\Code\\FunUnion\\entry\\.preview\\default\\intermediates\\res\\default\\resources\\base\\profile\\main_pages.json"]},"port":"29904","aceBuildJson":"D:\\HarmonyProjects\\MengYou\\Code\\FunUnion\\entry\\.preview\\default\\intermediates\\loader\\default\\loader.json","aceModuleRoot":"D:\\HarmonyProjects\\MengYou\\Code\\FunUnion\\entry\\src\\main\\ets","aceSoPath":"D:\\HarmonyProjects\\MengYou\\Code\\FunUnion\\entry\\.preview\\cache\\nativeDependencies.txt","cachePath":"D:\\HarmonyProjects\\MengYou\\Code\\FunUnion\\entry\\.preview\\cache","aceModuleBuild":"D:\\HarmonyProjects\\MengYou\\Code\\FunUnion\\entry\\.preview\\default\\intermediates\\assets\\default\\ets","aceSuperVisualPath":"D:\\HarmonyProjects\\MengYou\\Code\\FunUnion\\entry\\src\\main\\supervisual","aceModuleJsonPath":"D:\\HarmonyProjects\\MengYou\\Code\\FunUnion\\entry\\.preview\\default\\intermediates\\res\\default\\module.json"}