{"deviceType":"phone,tablet","checkEntry":"true","localPropertiesPath":"D:\\HarmonyProjects\\MengYou\\Code\\FunUnion6\\local.properties","Path":"C:\\Huawei\\nodejs\\","note":"false","aceProfilePath":"D:\\HarmonyProjects\\MengYou\\Code\\FunUnion6\\entry\\.preview\\default\\intermediates\\res\\default\\resources\\base\\profile","isPreview":"true","hapMode":"false","buildMode":"debug","img2bin":"true","projectProfilePath":"D:\\HarmonyProjects\\MengYou\\Code\\FunUnion6\\build-profile.json5","watchMode":"true","appResource":"D:\\HarmonyProjects\\MengYou\\Code\\FunUnion6\\entry\\.preview\\default\\intermediates\\res\\default\\ResourceTable.txt","logLevel":"3","stageRouterConfig":{"contents":["{\"module\":{\"pages\":\"$profile:main_pages\",\"name\":\"entry\"}}","{\"src\":[\"pages/Login\",\"pages/MainPage\",\"pages/MyWebPage\",\"pages/test/TestSelect\",\"pages/test/TestRadio\",\"pages/test/TestTextArea\",\"pages/RegisterPage\",\"pages/test/TestStack\",\"pages/test/TestState\",\"pages/test/TestInterval\",\"pages/SplashPage\",\"pages/test/TestTab\",\"pages/test/TestGrid\",\"pages/test/TestSideBarContainer\",\"pages/test/TestPrefernces\",\"pages/test/TestScroll\",\"pages/test/TestScroll2\",\"pages/test/TestSwiper\",\"pages/test/TestList\",\"pages/DetailPage\"]}"],"paths":["D:\\HarmonyProjects\\MengYou\\Code\\FunUnion6\\entry\\.preview\\default\\intermediates\\res\\default\\module.json","D:\\HarmonyProjects\\MengYou\\Code\\FunUnion6\\entry\\.preview\\default\\intermediates\\res\\default\\resources\\base\\profile\\main_pages.json"]},"port":"29901","aceBuildJson":"D:\\HarmonyProjects\\MengYou\\Code\\FunUnion6\\entry\\.preview\\default\\intermediates\\loader\\default\\loader.json","aceModuleRoot":"D:\\HarmonyProjects\\MengYou\\Code\\FunUnion6\\entry\\src\\main\\ets","aceSoPath":"D:\\HarmonyProjects\\MengYou\\Code\\FunUnion6\\entry\\.preview\\cache\\nativeDependencies.txt","cachePath":"D:\\HarmonyProjects\\MengYou\\Code\\FunUnion6\\entry\\.preview\\cache","aceModuleBuild":"D:\\HarmonyProjects\\MengYou\\Code\\FunUnion6\\entry\\.preview\\default\\intermediates\\assets\\default\\ets","aceSuperVisualPath":"D:\\HarmonyProjects\\MengYou\\Code\\FunUnion6\\entry\\src\\main\\supervisual","aceModuleJsonPath":"D:\\HarmonyProjects\\MengYou\\Code\\FunUnion6\\entry\\.preview\\default\\intermediates\\res\\default\\module.json"}