{":FunUnion:entry:default@PreBuild":{"_inputs":[{"dataType":"ValueEntry","value":"{\"_name\":\"BUILTIN_TASK_COMMAND\",\"_value\":\"\",\"_valueType\":\"string\"}"},{"dataType":"ValueEntry","value":"{\"_name\":\"BUILTIN_TASK_ENV\",\"_value\":\"\",\"_valueType\":\"string\"}"},{"dataType":"ValueEntry","value":"{\"_name\":\"BUILTIN_TASK_TOOLCHAIN\",\"_value\":\"\",\"_valueType\":\"string\"}"},{"dataType":"ValueEntry","value":"{\"_name\":\"apiType\",\"_value\":\"stageMode\",\"_valueType\":\"string\"}"},{"dataType":"ValueEntry","value":"{\"_name\":\"codeType\",\"_value\":true,\"_valueType\":\"boolean\"}"},{"dataType":"ValueEntry","value":"{\"_name\":\"compatibleApiVersion\",\"_value\":9,\"_valueType\":\"number\"}"},{"dataType":"ValueEntry","value":"{\"_name\":\"compileApiVersion\",\"_value\":9,\"_valueType\":\"number\"}"},{"dataType":"ValueEntry","value":"{\"_name\":\"deviceType\",\"_value\":[\"phone\",\"tablet\"],\"_valueType\":\"object\"}"},{"dataType":"ValueEntry","value":"{\"_name\":\"isSupportOhpmProj\",\"_value\":true,\"_valueType\":\"boolean\"}"},{"dataType":"ValueEntry","value":"{\"_name\":\"profileModuleName\",\"_value\":\"entry\",\"_valueType\":\"string\"}"},{"dataType":"ValueEntry","value":"{\"_name\":\"sdkToolchainsComponentVersion\",\"_value\":\"3.2.12.5\",\"_valueType\":\"string\"}"},{"dataType":"ValueEntry","value":"{\"_name\":\"targetStatusCode\",\"_value\":2,\"_valueType\":\"number\"}"}],"_successful":true,"_projectName":"FunUnion","_moduleName":"entry","_taskName":"default@PreBuild","_key":":FunUnion:entry:default@PreBuild","_executionId":":FunUnion:entry:default@PreBuild:1710408536215","_inputFiles":{"dataType":"Map","value":[["D:\\HarmonyProjects\\MengYou\\Code\\FunUnion\\AppScope\\app.json5",{"isDirectory":false,"fileSnapShotHashValue":"401d1d436f352f0b8167b64d51fcd450"}],["D:\\HarmonyProjects\\MengYou\\Code\\FunUnion\\entry\\src\\main\\module.json5",{"isDirectory":false,"fileSnapShotHashValue":"d4dcd38ac84f1230104f478a85f822ac"}]]},"_outputFiles":{"dataType":"Map","value":[]}},":FunUnion:entry:default@GenerateMetadata":{"_inputs":[{"dataType":"ValueEntry","value":"{\"_name\":\"BUILTIN_TASK_COMMAND\",\"_value\":\"\",\"_valueType\":\"string\"}"},{"dataType":"ValueEntry","value":"{\"_name\":\"BUILTIN_TASK_ENV\",\"_value\":\"\",\"_valueType\":\"string\"}"},{"dataType":"ValueEntry","value":"{\"_name\":\"BUILTIN_TASK_TOOLCHAIN\",\"_value\":\"\",\"_valueType\":\"string\"}"},{"dataType":"ValueEntry","value":"{\"_name\":\"entryModules\",\"_value\":[],\"_valueType\":\"object\"}"},{"dataType":"ValueEntry","value":"{\"_name\":\"existMaterial\",\"_value\":true,\"_valueType\":\"boolean\"}"},{"dataType":"ValueEntry","value":"{\"_name\":\"existSigningConfig\",\"_value\":true,\"_valueType\":\"boolean\"}"},{"dataType":"ValueEntry","value":"{\"_name\":\"moduleDeviceType\",\"_value\":[\"phone\",\"tablet\"],\"_valueType\":\"object\"}"},{"dataType":"ValueEntry","value":"{\"_name\":\"product\",\"_value\":\"default\",\"_valueType\":\"string\"}"},{"dataType":"ValueEntry","value":"{\"_name\":\"sdkToolchainsComponentVersion\",\"_value\":\"3.2.12.5\",\"_valueType\":\"string\"}"},{"dataType":"ValueEntry","value":"{\"_name\":\"signingConfig_keyAlias\",\"_value\":\"debugKey\",\"_valueType\":\"string\"}"},{"dataType":"ValueEntry","value":"{\"_name\":\"signingConfig_keyPassword\",\"_value\":\"0000001A67352B032D8C9708FBC6DF3EDC5D9CA31D9FCDC359E37D198DC13969BA117CE457CB26D55718\",\"_valueType\":\"string\"}"},{"dataType":"ValueEntry","value":"{\"_name\":\"signingConfig_name\",\"_value\":\"default\",\"_valueType\":\"string\"}"},{"dataType":"ValueEntry","value":"{\"_name\":\"signingConfig_signAlg\",\"_value\":\"SHA256withECDSA\",\"_valueType\":\"string\"}"},{"dataType":"ValueEntry","value":"{\"_name\":\"signingConfig_storePassword\",\"_value\":\"0000001A6DF4326F49789CCE92A4B2F6A921CACCAC3766605B7EBEE90F599047B61BAABBC20EA55DFBD0\",\"_valueType\":\"string\"}"},{"dataType":"ValueEntry","value":"{\"_name\":\"signingConfig_type\",\"_value\":\"HarmonyOS\",\"_valueType\":\"string\"}"},{"dataType":"ValueEntry","value":"{\"_name\":\"targetConfig\",\"_value\":\"{\\\"name\\\":\\\"default\\\",\\\"runtimeOS\\\":\\\"HarmonyOS\\\"}\",\"_valueType\":\"string\"}"}],"_successful":true,"_projectName":"FunUnion","_moduleName":"entry","_taskName":"default@GenerateMetadata","_key":":FunUnion:entry:default@GenerateMetadata","_executionId":":FunUnion:entry:default@GenerateMetadata:1710408536242","_inputFiles":{"dataType":"Map","value":[["D:\\HarmonyProjects\\MengYou\\Code\\FunUnion\\entry\\src\\main\\module.json5",{"fileSnapShotHashValue":"d4dcd38ac84f1230104f478a85f822ac"}]]},"_outputFiles":{"dataType":"Map","value":[["D:\\HarmonyProjects\\MengYou\\Code\\FunUnion\\entry\\build\\default\\intermediates\\hap_metadata\\default\\output_metadata.json",{"fileSnapShotHashValue":"c7c4de6e84e9dda448f2a38a94f741e8"}]]}},":FunUnion:entry:default@MergeProfile":{"_inputs":[{"dataType":"ValueEntry","value":"{\"_name\":\"BUILTIN_TASK_COMMAND\",\"_value\":\"\",\"_valueType\":\"string\"}"},{"dataType":"ValueEntry","value":"{\"_name\":\"BUILTIN_TASK_ENV\",\"_value\":\"\",\"_valueType\":\"string\"}"},{"dataType":"ValueEntry","value":"{\"_name\":\"BUILTIN_TASK_TOOLCHAIN\",\"_value\":\"\",\"_valueType\":\"string\"}"},{"dataType":"ValueEntry","value":"{\"_name\":\"asanEnable\",\"_value\":false,\"_valueType\":\"boolean\"}"},{"dataType":"ValueEntry","value":"{\"_name\":\"buildRoot\",\"_value\":\".preview\",\"_valueType\":\"string\"}"},{"dataType":"ValueEntry","value":"{\"_name\":\"compatibleSdkVersion\",\"_value\":9,\"_valueType\":\"number\"}"},{"dataType":"ValueEntry","value":"{\"_name\":\"isDebug\",\"_value\":true,\"_valueType\":\"boolean\"}"},{"dataType":"ValueEntry","value":"{\"_name\":\"isHarModule\",\"_value\":false,\"_valueType\":\"boolean\"}"},{"dataType":"ValueEntry","value":"{\"_name\":\"multiProjects\",\"_value\":false,\"_valueType\":\"boolean\"}"},{"dataType":"ValueEntry","value":"{\"_name\":\"releaseType\",\"_value\":\"Release\",\"_valueType\":\"string\"}"},{"dataType":"ValueEntry","value":"{\"_name\":\"targetSdkVersion\",\"_value\":9,\"_valueType\":\"number\"}"}],"_successful":true,"_projectName":"FunUnion","_moduleName":"entry","_taskName":"default@MergeProfile","_key":":FunUnion:entry:default@MergeProfile","_executionId":":FunUnion:entry:default@MergeProfile:1711594759440","_inputFiles":{"dataType":"Map","value":[["D:\\HarmonyProjects\\MengYou\\Code\\FunUnion\\AppScope\\app.json5",{"fileSnapShotHashValue":"401d1d436f352f0b8167b64d51fcd450"}],["D:\\HarmonyProjects\\MengYou\\Code\\FunUnion\\entry\\src\\main\\module.json5",{"fileSnapShotHashValue":"d4dcd38ac84f1230104f478a85f822ac"}],["D:\\HarmonyProjects\\MengYou\\Code\\FunUnion\\oh_modules\\.ohpm\\@ohos+axios@2.2.0\\oh_modules\\@ohos\\axios\\src\\main\\module.json",{"fileSnapShotHashValue":"4f780a702268852d754b0307e908ee1d"}]]},"_outputFiles":{"dataType":"Map","value":[["D:\\HarmonyProjects\\MengYou\\Code\\FunUnion\\entry\\.preview\\default\\intermediates\\merge_profile\\default\\module.json",{"fileSnapShotHashValue":"c2c767702783b7ece316a32d4690ebcb"}]]}},":FunUnion:entry:default@GenerateLoaderJson":{"_inputs":[{"dataType":"ValueEntry","value":"{\"_name\":\"BUILTIN_TASK_COMMAND\",\"_value\":\"\",\"_valueType\":\"string\"}"},{"dataType":"ValueEntry","value":"{\"_name\":\"BUILTIN_TASK_ENV\",\"_value\":\"\",\"_valueType\":\"string\"}"},{"dataType":"ValueEntry","value":"{\"_name\":\"BUILTIN_TASK_TOOLCHAIN\",\"_value\":\"\",\"_valueType\":\"string\"}"},{"dataType":"ValueEntry","value":"{\"_name\":\"aotCompileMode\",\"_value\":\"\",\"_valueType\":\"string\"}"},{"dataType":"ValueEntry","value":"{\"_name\":\"apPath\",\"_value\":\"\",\"_valueType\":\"string\"}"},{"dataType":"ValueEntry","value":"{\"_name\":\"compileMode\",\"_value\":\"esmodule\",\"_valueType\":\"string\"}"},{"dataType":"ValueEntry","value":"{\"_name\":\"harNameOhmMap\",\"_value\":\"{}\",\"_valueType\":\"string\"}"},{"dataType":"ValueEntry","value":"{\"_name\":\"modulePathMap\",\"_value\":\"{\\\"entry\\\":\\\"D:\\\\\\\\HarmonyProjects\\\\\\\\MengYou\\\\\\\\Code\\\\\\\\FunUnion\\\\\\\\entry\\\"}\",\"_valueType\":\"string\"}"},{"dataType":"ValueEntry","value":"{\"_name\":\"nodeModulesPath\",\"_value\":\"D:\\\\HarmonyProjects\\\\MengYou\\\\Code\\\\FunUnion\\\\entry\\\\.preview\\\\default\\\\intermediates\\\\loader_out\\\\default\\\\node_modules\",\"_valueType\":\"string\"}"},{"dataType":"ValueEntry","value":"{\"_name\":\"projectRootPath\",\"_value\":\"D:\\\\HarmonyProjects\\\\MengYou\\\\Code\\\\FunUnion\",\"_valueType\":\"string\"}"},{"dataType":"ValueEntry","value":"{\"_name\":\"targetConfig\",\"_value\":\"{\\\"name\\\":\\\"default\\\",\\\"runtimeOS\\\":\\\"HarmonyOS\\\"}\",\"_valueType\":\"string\"}"}],"_successful":true,"_projectName":"FunUnion","_moduleName":"entry","_taskName":"default@GenerateLoaderJson","_key":":FunUnion:entry:default@GenerateLoaderJson","_executionId":":FunUnion:entry:default@GenerateLoaderJson:1711594759443","_inputFiles":{"dataType":"Map","value":[]},"_outputFiles":{"dataType":"Map","value":[["D:\\HarmonyProjects\\MengYou\\Code\\FunUnion\\entry\\.preview\\default\\intermediates\\loader\\default\\loader.json",{"isDirectory":false,"fileSnapShotHashValue":"327feee064911e6f5284ea32a80cdd5e"}]]}},":FunUnion:entry:default@MakePackInfo":{"_inputs":[{"dataType":"ValueEntry","value":"{\"_name\":\"BUILTIN_TASK_COMMAND\",\"_value\":\"\",\"_valueType\":\"string\"}"},{"dataType":"ValueEntry","value":"{\"_name\":\"BUILTIN_TASK_ENV\",\"_value\":\"\",\"_valueType\":\"string\"}"},{"dataType":"ValueEntry","value":"{\"_name\":\"BUILTIN_TASK_TOOLCHAIN\",\"_value\":\"\",\"_valueType\":\"string\"}"},{"dataType":"ValueEntry","value":"{\"_name\":\"compatibleSdkVersion\",\"_value\":9,\"_valueType\":\"number\"}"},{"dataType":"ValueEntry","value":"{\"_name\":\"compileSdkVersion\",\"_value\":9,\"_valueType\":\"number\"}"},{"dataType":"ValueEntry","value":"{\"_name\":\"deviceTypes\",\"_value\":[\"phone\",\"tablet\"],\"_valueType\":\"object\"}"},{"dataType":"ValueEntry","value":"{\"_name\":\"releaseType\",\"_value\":\"Release\",\"_valueType\":\"string\"}"}],"_successful":true,"_projectName":"FunUnion","_moduleName":"entry","_taskName":"default@MakePackInfo","_key":":FunUnion:entry:default@MakePackInfo","_executionId":":FunUnion:entry:default@MakePackInfo:1710408536270","_inputFiles":{"dataType":"Map","value":[["D:\\HarmonyProjects\\MengYou\\Code\\FunUnion\\AppScope\\app.json5",{"fileSnapShotHashValue":"401d1d436f352f0b8167b64d51fcd450"}],["D:\\HarmonyProjects\\MengYou\\Code\\FunUnion\\entry\\src\\main\\module.json5",{"fileSnapShotHashValue":"d4dcd38ac84f1230104f478a85f822ac"}]]},"_outputFiles":{"dataType":"Map","value":[["D:\\HarmonyProjects\\MengYou\\Code\\FunUnion\\entry\\build\\default\\outputs\\default\\pack.info",{"fileSnapShotHashValue":"98599d177211076de87738c869410d0c"}]]}},":FunUnion:entry:default@ProcessProfile":{"_inputs":[{"dataType":"ValueEntry","value":"{\"_name\":\"BUILTIN_TASK_COMMAND\",\"_value\":\"\",\"_valueType\":\"string\"}"},{"dataType":"ValueEntry","value":"{\"_name\":\"BUILTIN_TASK_ENV\",\"_value\":\"\",\"_valueType\":\"string\"}"},{"dataType":"ValueEntry","value":"{\"_name\":\"BUILTIN_TASK_TOOLCHAIN\",\"_value\":\"\",\"_valueType\":\"string\"}"},{"dataType":"ValueEntry","value":"{\"_name\":\"arkEnable\",\"_value\":true,\"_valueType\":\"boolean\"}"},{"dataType":"ValueEntry","value":"{\"_name\":\"compileMode\",\"_value\":\"esmodule\",\"_valueType\":\"string\"}"},{"dataType":"ValueEntry","value":"{\"_name\":\"dependency\",\"_value\":\"[]\",\"_valueType\":\"string\"}"},{"dataType":"ValueEntry","value":"{\"_name\":\"deviceTypes\",\"_value\":[\"phone\",\"tablet\"],\"_valueType\":\"object\"}"}],"_successful":true,"_projectName":"FunUnion","_moduleName":"entry","_taskName":"default@ProcessProfile","_key":":FunUnion:entry:default@ProcessProfile","_executionId":":FunUnion:entry:default@ProcessProfile:1711594759452","_inputFiles":{"dataType":"Map","value":[["D:\\HarmonyProjects\\MengYou\\Code\\FunUnion\\entry\\.preview\\default\\intermediates\\merge_profile\\default\\module.json",{"fileSnapShotHashValue":"c2c767702783b7ece316a32d4690ebcb"}]]},"_outputFiles":{"dataType":"Map","value":[["D:\\HarmonyProjects\\MengYou\\Code\\FunUnion\\entry\\.preview\\default\\intermediates\\process_profile\\default\\module.json",{"fileSnapShotHashValue":"f1a98dfc0c4821d404a374f4983fa849"}]]}},":FunUnion:entry:default@ProcessResource":{"_inputs":[{"dataType":"ValueEntry","value":"{\"_name\":\"BUILTIN_TASK_COMMAND\",\"_value\":\"\",\"_valueType\":\"string\"}"},{"dataType":"ValueEntry","value":"{\"_name\":\"BUILTIN_TASK_ENV\",\"_value\":\"\",\"_valueType\":\"string\"}"},{"dataType":"ValueEntry","value":"{\"_name\":\"BUILTIN_TASK_TOOLCHAIN\",\"_value\":\"\",\"_valueType\":\"string\"}"},{"dataType":"ValueEntry","value":"{\"_name\":\"resConfigJsonContent\",\"_value\":\"{\\\"configPath\\\":\\\"D:\\\\\\\\HarmonyProjects\\\\\\\\MengYou\\\\\\\\Code\\\\\\\\FunUnion\\\\\\\\entry\\\\\\\\build\\\\\\\\default\\\\\\\\intermediates\\\\\\\\process_profile\\\\\\\\default\\\\\\\\module.json\\\",\\\"packageName\\\":\\\"com.snkey.sl1\\\",\\\"output\\\":\\\"D:\\\\\\\\HarmonyProjects\\\\\\\\MengYou\\\\\\\\Code\\\\\\\\FunUnion\\\\\\\\entry\\\\\\\\build\\\\\\\\default\\\\\\\\intermediates\\\\\\\\res\\\\\\\\default\\\",\\\"moduleNames\\\":\\\"entry\\\",\\\"ResourceTable\\\":[\\\"D:\\\\\\\\HarmonyProjects\\\\\\\\MengYou\\\\\\\\Code\\\\\\\\FunUnion\\\\\\\\entry\\\\\\\\build\\\\\\\\default\\\\\\\\generated\\\\\\\\r\\\\\\\\default\\\\\\\\ResourceTable.h\\\"],\\\"applicationResource\\\":\\\"D:\\\\\\\\HarmonyProjects\\\\\\\\MengYou\\\\\\\\Code\\\\\\\\FunUnion\\\\\\\\AppScope\\\\\\\\resources\\\",\\\"moduleResources\\\":[\\\"D:\\\\\\\\HarmonyProjects\\\\\\\\MengYou\\\\\\\\Code\\\\\\\\FunUnion\\\\\\\\entry\\\\\\\\src\\\\\\\\main\\\\\\\\resources\\\"],\\\"dependencies\\\":[\\\"D:\\\\\\\\HarmonyProjects\\\\\\\\MengYou\\\\\\\\Code\\\\\\\\FunUnion\\\\\\\\oh_modules\\\\\\\\.ohpm\\\\\\\\@ohos+axios@2.2.0\\\\\\\\oh_modules\\\\\\\\@ohos\\\\\\\\axios\\\\\\\\src\\\\\\\\main\\\\\\\\resources\\\"]}\",\"_valueType\":\"string\"}"}],"_successful":true,"_projectName":"FunUnion","_moduleName":"entry","_taskName":"default@ProcessResource","_key":":FunUnion:entry:default@ProcessResource","_executionId":":FunUnion:entry:default@ProcessResource:1710769588574","_inputFiles":{"dataType":"Map","value":[]},"_outputFiles":{"dataType":"Map","value":[["D:\\HarmonyProjects\\MengYou\\Code\\FunUnion\\entry\\build\\default\\intermediates\\res\\default\\resConfig.json",{"isDirectory":false,"fileSnapShotHashValue":"0e8d7195de887cf77351d58195d777db"}]]}},":FunUnion:entry:default@ProcessLibs":{"_inputs":[{"dataType":"ValueEntry","value":"{\"_name\":\"BUILTIN_TASK_COMMAND\",\"_value\":\"\",\"_valueType\":\"string\"}"},{"dataType":"ValueEntry","value":"{\"_name\":\"BUILTIN_TASK_ENV\",\"_value\":\"\",\"_valueType\":\"string\"}"},{"dataType":"ValueEntry","value":"{\"_name\":\"BUILTIN_TASK_TOOLCHAIN\",\"_value\":\"\",\"_valueType\":\"string\"}"}],"_successful":true,"_projectName":"FunUnion","_moduleName":"entry","_taskName":"default@ProcessLibs","_key":":FunUnion:entry:default@ProcessLibs","_executionId":":FunUnion:entry:default@ProcessLibs:1710769588575","_inputFiles":{"dataType":"Map","value":[["D:\\HarmonyProjects\\MengYou\\Code\\FunUnion\\oh_modules\\.ohpm\\@ohos+axios@2.2.0\\oh_modules\\@ohos\\axios\\libs",{"isDirectory":true,"fileSnapShotHashValue":""}]]},"_outputFiles":{"dataType":"Map","value":[["D:\\HarmonyProjects\\MengYou\\Code\\FunUnion\\entry\\build\\default\\intermediates\\libs\\default",{"isDirectory":true,"fileSnapShotHashValue":""}]]}},":FunUnion:entry:default@CompileResource":{"_inputs":[{"dataType":"ValueEntry","value":"{\"_name\":\"TARGET_CONFIG\",\"_value\":\"{\\\"name\\\":\\\"default\\\",\\\"runtimeOS\\\":\\\"HarmonyOS\\\"}\",\"_valueType\":\"string\"}"},{"dataType":"ValueEntry","value":"{\"_name\":\"BUILTIN_TASK_COMMAND\",\"_value\":\"C:\\\\Huawei\\\\SDK\\\\openharmony\\\\9\\\\toolchains\\\\restool.exe,-l,D:\\\\HarmonyProjects\\\\MengYou\\\\Code\\\\FunUnion\\\\entry\\\\build\\\\default\\\\intermediates\\\\res\\\\default\\\\resConfig.json\",\"_valueType\":\"string\"}"},{"dataType":"ValueEntry","value":"{\"_name\":\"BUILTIN_TASK_TOOLCHAIN\",\"_value\":\"C:\\\\Huawei\\\\SDK\\\\openharmony\\\\9\\\\toolchains\\\\restool.exe\",\"_valueType\":\"string\"}"},{"dataType":"ValueEntry","value":"{\"_name\":\"BUILTIN_TASK_ENV\",\"_value\":\"\",\"_valueType\":\"string\"}"}],"_successful":true,"_projectName":"FunUnion","_moduleName":"entry","_taskName":"default@CompileResource","_key":":FunUnion:entry:default@CompileResource","_executionId":":FunUnion:entry:default@CompileResource:1711594677732","_inputFiles":{"dataType":"Map","value":[["D:\\HarmonyProjects\\MengYou\\Code\\FunUnion\\entry\\src\\main\\resources",{"fileSnapShotHashValue":"7dddd1d03ae6cacfba06a9dbe7592989"}],["D:\\HarmonyProjects\\MengYou\\Code\\FunUnion\\oh_modules\\.ohpm\\@ohos+axios@2.2.0\\oh_modules\\@ohos\\axios\\src\\main\\resources",{"fileSnapShotHashValue":"1dcc9062b7111c7084418b4422797285"}],["D:\\HarmonyProjects\\MengYou\\Code\\FunUnion\\AppScope\\resources",{"fileSnapShotHashValue":"95183081331d4a78a34748a276aa2fe6"}],["D:\\HarmonyProjects\\MengYou\\Code\\FunUnion\\entry\\build\\default\\intermediates\\process_profile\\default\\module.json",{"isDirectory":false,"fileSnapShotHashValue":"6e7d09344ae4272348728d9f4131d61c"}],["D:\\HarmonyProjects\\MengYou\\Code\\FunUnion\\entry\\build\\default\\intermediates\\res\\default\\resConfig.json",{"isDirectory":false,"fileSnapShotHashValue":"0e8d7195de887cf77351d58195d777db"}]]},"_outputFiles":{"dataType":"Map","value":[["D:\\HarmonyProjects\\MengYou\\Code\\FunUnion\\entry\\build\\default\\intermediates\\res\\default",{"isDirectory":true,"fileSnapShotHashValue":"c7f373bb8151bc9c332c07833350239b"}],["D:\\HarmonyProjects\\MengYou\\Code\\FunUnion\\entry\\build\\default\\generated\\r\\default\\ResourceTable.h",{"isDirectory":false,"fileSnapShotHashValue":"88f6b60f594d20f560cd30c0631dd5db"}],["D:\\HarmonyProjects\\MengYou\\Code\\FunUnion\\entry\\build\\default\\generated\\r\\default",{"isDirectory":true,"fileSnapShotHashValue":"9b75e954ed37618656130a9a12b84239"}]]}},":FunUnion:entry:default@CompileArkTS":{"_inputs":[{"dataType":"ValueEntry","value":"{\"_name\":\"debuggable\",\"_value\":true,\"_valueType\":\"boolean\"}"},{"dataType":"ValueEntry","value":"{\"_name\":\"isArk\",\"_value\":true,\"_valueType\":\"boolean\"}"},{"dataType":"ValueEntry","value":"{\"_name\":\"needCoverageInsert\",\"_value\":false,\"_valueType\":\"boolean\"}"},{"dataType":"ValueEntry","value":"{\"_name\":\"arkTsWdiget\",\"_value\":false,\"_valueType\":\"boolean\"}"},{"dataType":"ValueEntry","value":"{\"_name\":\"BUILTIN_TASK_COMMAND\",\"_value\":\"\",\"_valueType\":\"string\"}"},{"dataType":"ValueEntry","value":"{\"_name\":\"BUILTIN_TASK_TOOLCHAIN\",\"_value\":\"\",\"_valueType\":\"string\"}"},{"dataType":"ValueEntry","value":"{\"_name\":\"BUILTIN_TASK_ENV\",\"_value\":\"\",\"_valueType\":\"string\"}"}],"_successful":true,"_projectName":"FunUnion","_moduleName":"entry","_taskName":"default@CompileArkTS","_key":":FunUnion:entry:default@CompileArkTS","_executionId":":FunUnion:entry:default@CompileArkTS:1711594677794","_inputFiles":{"dataType":"Map","value":[["D:\\HarmonyProjects\\MengYou\\Code\\FunUnion\\entry\\build\\default\\intermediates\\loader\\default",{"isDirectory":true,"fileSnapShotHashValue":"4033d540128bf48e1c66deadf646cfb8"}],["D:\\HarmonyProjects\\MengYou\\Code\\FunUnion\\entry\\build\\default\\intermediates\\res\\default\\ResourceTable.txt",{"fileSnapShotHashValue":"3185c12b7eef4984204e77a925ee02b8"}],["D:\\HarmonyProjects\\MengYou\\Code\\FunUnion\\oh_modules\\.ohpm\\@ohos+axios@2.2.0\\oh_modules\\@ohos\\axios\\index.js",{"fileSnapShotHashValue":"89f9d9eebc6bd2f0d62b685b186a2078"}],["D:\\HarmonyProjects\\MengYou\\Code\\FunUnion\\oh_modules\\.ohpm\\@ohos+axios@2.2.0\\oh_modules\\@ohos\\axios\\src\\main\\ets",{"isDirectory":true,"fileSnapShotHashValue":"224fd0b8e87c903505ea6ac19baf64b9"}],["D:\\HarmonyProjects\\MengYou\\Code\\FunUnion\\entry\\build\\default\\intermediates\\res\\default\\module.json",{"fileSnapShotHashValue":"9b267f7e708cfa7cb826fa7044b5de1c"}],["D:\\HarmonyProjects\\MengYou\\Code\\FunUnion\\entry\\build\\default\\intermediates\\res\\default\\resources\\base\\profile",{"isDirectory":true,"fileSnapShotHashValue":"d90a03701840d203963e60ad5f770090"}],["D:\\HarmonyProjects\\MengYou\\Code\\FunUnion\\entry\\src\\main\\ets",{"isDirectory":true,"fileSnapShotHashValue":"f68997527c35e7c80100e1b9e5c91b6b"}]]},"_outputFiles":{"dataType":"Map","value":[["D:\\HarmonyProjects\\MengYou\\Code\\FunUnion\\entry\\build\\default\\intermediates\\loader_out\\default\\ets",{"isDirectory":true,"fileSnapShotHashValue":"40ce6e03c255e933375b1645e771baa4"}]]}},":FunUnion:entry:default@CompileJS":{"_inputs":[{"dataType":"ValueEntry","value":"{\"_name\":\"debuggable\",\"_value\":true,\"_valueType\":\"boolean\"}"},{"dataType":"ValueEntry","value":"{\"_name\":\"isArk\",\"_value\":true,\"_valueType\":\"boolean\"}"},{"dataType":"ValueEntry","value":"{\"_name\":\"needCoverageInsert\",\"_value\":false,\"_valueType\":\"boolean\"}"},{"dataType":"ValueEntry","value":"{\"_name\":\"BUILTIN_TASK_COMMAND\",\"_value\":\"\",\"_valueType\":\"string\"}"},{"dataType":"ValueEntry","value":"{\"_name\":\"BUILTIN_TASK_TOOLCHAIN\",\"_value\":\"\",\"_valueType\":\"string\"}"},{"dataType":"ValueEntry","value":"{\"_name\":\"BUILTIN_TASK_ENV\",\"_value\":\"\",\"_valueType\":\"string\"}"}],"_successful":true,"_projectName":"FunUnion","_moduleName":"entry","_taskName":"default@CompileJS","_key":":FunUnion:entry:default@CompileJS","_executionId":":FunUnion:entry:default@CompileJS:1711594677800","_inputFiles":{"dataType":"Map","value":[["D:\\HarmonyProjects\\MengYou\\Code\\FunUnion\\entry\\build\\default\\intermediates\\loader\\default",{"isDirectory":true,"fileSnapShotHashValue":"4033d540128bf48e1c66deadf646cfb8"}],["D:\\HarmonyProjects\\MengYou\\Code\\FunUnion\\entry\\build\\default\\intermediates\\res\\default\\ResourceTable.txt",{"fileSnapShotHashValue":"3185c12b7eef4984204e77a925ee02b8"}],["D:\\HarmonyProjects\\MengYou\\Code\\FunUnion\\oh_modules\\.ohpm\\@ohos+axios@2.2.0\\oh_modules\\@ohos\\axios\\index.js",{"fileSnapShotHashValue":"89f9d9eebc6bd2f0d62b685b186a2078"}],["D:\\HarmonyProjects\\MengYou\\Code\\FunUnion\\entry\\build\\default\\intermediates\\res\\default\\module.json",{"fileSnapShotHashValue":"9b267f7e708cfa7cb826fa7044b5de1c"}],["D:\\HarmonyProjects\\MengYou\\Code\\FunUnion\\entry\\build\\default\\intermediates\\res\\default\\resources\\base\\profile",{"isDirectory":true,"fileSnapShotHashValue":"d90a03701840d203963e60ad5f770090"}]]},"_outputFiles":{"dataType":"Map","value":[["D:\\HarmonyProjects\\MengYou\\Code\\FunUnion\\entry\\build\\default\\intermediates\\loader_out\\default\\js",{"isDirectory":true,"fileSnapShotHashValue":""}]]}},":FunUnion:entry:default@PackageHap":{"_inputs":[{"dataType":"ValueEntry","value":"{\"_name\":\"hotReload\",\"_value\":false,\"_valueType\":\"boolean\"}"},{"dataType":"ValueEntry","value":"{\"_name\":\"BUILTIN_TASK_COMMAND\",\"_value\":\"java,-Dfile.encoding=utf-8,-jar,C:\\\\Huawei\\\\SDK\\\\openharmony\\\\9\\\\toolchains\\\\lib\\\\app_packing_tool.jar,--mode,hap,--force,true,--lib-path,D:\\\\HarmonyProjects\\\\MengYou\\\\Code\\\\FunUnion\\\\entry\\\\build\\\\default\\\\intermediates\\\\libs\\\\default,--json-path,D:\\\\HarmonyProjects\\\\MengYou\\\\Code\\\\FunUnion\\\\entry\\\\build\\\\default\\\\intermediates\\\\res\\\\default\\\\module.json,--resources-path,D:\\\\HarmonyProjects\\\\MengYou\\\\Code\\\\FunUnion\\\\entry\\\\build\\\\default\\\\intermediates\\\\res\\\\default\\\\resources,--index-path,D:\\\\HarmonyProjects\\\\MengYou\\\\Code\\\\FunUnion\\\\entry\\\\build\\\\default\\\\intermediates\\\\res\\\\default\\\\resources.index,--pack-info-path,D:\\\\HarmonyProjects\\\\MengYou\\\\Code\\\\FunUnion\\\\entry\\\\build\\\\default\\\\outputs\\\\default\\\\pack.info,--out-path,D:\\\\HarmonyProjects\\\\MengYou\\\\Code\\\\FunUnion\\\\entry\\\\build\\\\default\\\\outputs\\\\default\\\\entry-default-unsigned.hap,--ets-path,D:\\\\HarmonyProjects\\\\MengYou\\\\Code\\\\FunUnion\\\\entry\\\\build\\\\default\\\\intermediates\\\\loader_out\\\\default\\\\ets\",\"_valueType\":\"string\"}"},{"dataType":"ValueEntry","value":"{\"_name\":\"BUILTIN_TASK_TOOLCHAIN\",\"_value\":\"C:\\\\Huawei\\\\SDK\\\\openharmony\\\\9\\\\toolchains\\\\lib\\\\app_packing_tool.jar\",\"_valueType\":\"string\"}"},{"dataType":"ValueEntry","value":"{\"_name\":\"BUILTIN_TASK_ENV\",\"_value\":\"\",\"_valueType\":\"string\"}"}],"_successful":true,"_projectName":"FunUnion","_moduleName":"entry","_taskName":"default@PackageHap","_key":":FunUnion:entry:default@PackageHap","_executionId":":FunUnion:entry:default@PackageHap:1711594680973","_inputFiles":{"dataType":"Map","value":[["D:\\HarmonyProjects\\MengYou\\Code\\FunUnion\\entry\\build\\default\\intermediates\\libs\\default",{"isDirectory":false,"fileSnapShotHashValue":""}],["D:\\HarmonyProjects\\MengYou\\Code\\FunUnion\\entry\\build\\default\\intermediates\\res\\default\\module.json",{"isDirectory":false,"fileSnapShotHashValue":"9b267f7e708cfa7cb826fa7044b5de1c"}],["D:\\HarmonyProjects\\MengYou\\Code\\FunUnion\\entry\\build\\default\\intermediates\\res\\default\\resources",{"isDirectory":false,"fileSnapShotHashValue":"02ba1a0cfb1362122d4083c968273b5e"}],["D:\\HarmonyProjects\\MengYou\\Code\\FunUnion\\entry\\build\\default\\intermediates\\res\\default\\resources.index",{"isDirectory":false,"fileSnapShotHashValue":"894b7c087bab8263904829c00f6ec075"}],["D:\\HarmonyProjects\\MengYou\\Code\\FunUnion\\entry\\build\\default\\outputs\\default\\pack.info",{"isDirectory":false,"fileSnapShotHashValue":"98599d177211076de87738c869410d0c"}],["D:\\HarmonyProjects\\MengYou\\Code\\FunUnion\\entry\\build\\default\\intermediates\\loader_out\\default\\ets",{"isDirectory":false,"fileSnapShotHashValue":"40ce6e03c255e933375b1645e771baa4"}]]},"_outputFiles":{"dataType":"Map","value":[["D:\\HarmonyProjects\\MengYou\\Code\\FunUnion\\entry\\build\\default\\outputs\\default\\entry-default-unsigned.hap",{"isDirectory":false,"fileSnapShotHashValue":"124a717e2785f75dba925899870fc7a7"}]]}},":FunUnion:entry:default@SignHap":{"_inputs":[{"dataType":"ValueEntry","value":"{\"_name\":\"sdkToolchainsComponentVersion\",\"_value\":\"3.2.12.5\",\"_valueType\":\"string\"}"},{"dataType":"ValueEntry","value":"{\"_name\":\"existSigningConfig\",\"_value\":true,\"_valueType\":\"boolean\"}"},{"dataType":"ValueEntry","value":"{\"_name\":\"signingConfig_name\",\"_value\":\"default\",\"_valueType\":\"string\"}"},{"dataType":"ValueEntry","value":"{\"_name\":\"signingConfig_type\",\"_value\":\"HarmonyOS\",\"_valueType\":\"string\"}"},{"dataType":"ValueEntry","value":"{\"_name\":\"existMaterial\",\"_value\":true,\"_valueType\":\"boolean\"}"},{"dataType":"ValueEntry","value":"{\"_name\":\"signingConfig_signAlg\",\"_value\":\"SHA256withECDSA\",\"_valueType\":\"string\"}"},{"dataType":"ValueEntry","value":"{\"_name\":\"signingConfig_keyAlias\",\"_value\":\"debugKey\",\"_valueType\":\"string\"}"},{"dataType":"ValueEntry","value":"{\"_name\":\"signingConfig_keyPassword\",\"_value\":\"0000001A67352B032D8C9708FBC6DF3EDC5D9CA31D9FCDC359E37D198DC13969BA117CE457CB26D55718\",\"_valueType\":\"string\"}"},{"dataType":"ValueEntry","value":"{\"_name\":\"signingConfig_storePassword\",\"_value\":\"0000001A6DF4326F49789CCE92A4B2F6A921CACCAC3766605B7EBEE90F599047B61BAABBC20EA55DFBD0\",\"_valueType\":\"string\"}"},{"dataType":"ValueEntry","value":"{\"_name\":\"BUILTIN_TASK_COMMAND\",\"_value\":\"\",\"_valueType\":\"string\"}"},{"dataType":"ValueEntry","value":"{\"_name\":\"BUILTIN_TASK_TOOLCHAIN\",\"_value\":\"\",\"_valueType\":\"string\"}"},{"dataType":"ValueEntry","value":"{\"_name\":\"BUILTIN_TASK_ENV\",\"_value\":\"\",\"_valueType\":\"string\"}"}],"_successful":true,"_projectName":"FunUnion","_moduleName":"entry","_taskName":"default@SignHap","_key":":FunUnion:entry:default@SignHap","_executionId":":FunUnion:entry:default@SignHap:1711594681665","_inputFiles":{"dataType":"Map","value":[["C:\\Users\\issuser\\.ohos\\config\\auto_debug_FunUnion_com.snkey.sl1_260086000085660960.cer",{"isDirectory":false,"fileSnapShotHashValue":"7a8d5f3708c4dd4a0c975db5af36dd0b"}],["C:\\Users\\issuser\\.ohos\\config\\auto_debug_FunUnion_com.snkey.sl1_260086000085660960.p7b",{"isDirectory":false,"fileSnapShotHashValue":"2ca35a6b15ef3b21d76678d57027694e"}],["C:\\Users\\issuser\\.ohos\\config\\auto_debug_FunUnion_com.snkey.sl1_260086000085660960.p12",{"isDirectory":false,"fileSnapShotHashValue":"87baa98cce7dd1353d33a1045e0f8b63"}],["D:\\HarmonyProjects\\MengYou\\Code\\FunUnion\\entry\\build\\default\\outputs\\default\\entry-default-unsigned.hap",{"isDirectory":false,"fileSnapShotHashValue":"124a717e2785f75dba925899870fc7a7"}]]},"_outputFiles":{"dataType":"Map","value":[["D:\\HarmonyProjects\\MengYou\\Code\\FunUnion\\entry\\build\\default\\outputs\\default\\entry-default-signed.hap",{"isDirectory":false,"fileSnapShotHashValue":"ccea7272f11ff50339b69f01086617b9"}]]}},":FunUnion:entry:default@PreviewProcessResource":{"_inputs":[{"dataType":"ValueEntry","value":"{\"_name\":\"previewCompileResourcesCommand\",\"_value\":\"{\\\"commandList\\\":[\\\"C:\\\\\\\\Huawei\\\\\\\\SDK\\\\\\\\openharmony\\\\\\\\9\\\\\\\\toolchains\\\\\\\\restool.exe\\\",\\\"-m\\\",\\\"entry\\\",\\\"-f\\\",\\\"-j\\\",\\\"D:\\\\\\\\HarmonyProjects\\\\\\\\MengYou\\\\\\\\Code\\\\\\\\FunUnion\\\\\\\\entry\\\\\\\\.preview\\\\\\\\default\\\\\\\\intermediates\\\\\\\\process_profile\\\\\\\\default\\\\\\\\module.json\\\",\\\"-p\\\",\\\"com.snkey.sl1\\\",\\\"-o\\\",\\\"D:\\\\\\\\HarmonyProjects\\\\\\\\MengYou\\\\\\\\Code\\\\\\\\FunUnion\\\\\\\\entry\\\\\\\\.preview\\\\\\\\default\\\\\\\\intermediates\\\\\\\\res\\\\\\\\default\\\",\\\"-r\\\",\\\"D:\\\\\\\\HarmonyProjects\\\\\\\\MengYou\\\\\\\\Code\\\\\\\\FunUnion\\\\\\\\entry\\\\\\\\.preview\\\\\\\\default\\\\\\\\generated\\\\\\\\r\\\\\\\\default\\\\\\\\ResourceTable.h\\\"],\\\"inputFiles\\\":{\\\"_group\\\":{}},\\\"outputFiles\\\":{\\\"_group\\\":{}},\\\"existsResourceDir\\\":true,\\\"restoolLinkParamObj\\\":{\\\"appScopeResources\\\":\\\"D:\\\\\\\\HarmonyProjects\\\\\\\\MengYou\\\\\\\\Code\\\\\\\\FunUnion\\\\\\\\AppScope\\\\\\\\resources\\\",\\\"moduleResourcesMap\\\":{},\\\"harResourcesMap\\\":{},\\\"outputPath\\\":\\\"D:\\\\\\\\HarmonyProjects\\\\\\\\MengYou\\\\\\\\Code\\\\\\\\FunUnion\\\\\\\\entry\\\\\\\\.preview\\\\\\\\default\\\\\\\\intermediates\\\\\\\\res\\\\\\\\default\\\",\\\"linkCommand\\\":[\\\"C:\\\\\\\\Huawei\\\\\\\\SDK\\\\\\\\openharmony\\\\\\\\9\\\\\\\\toolchains\\\\\\\\restool.exe\\\",\\\"-m\\\",\\\"entry\\\",\\\"-f\\\",\\\"-j\\\",\\\"D:\\\\\\\\HarmonyProjects\\\\\\\\MengYou\\\\\\\\Code\\\\\\\\FunUnion\\\\\\\\entry\\\\\\\\.preview\\\\\\\\default\\\\\\\\intermediates\\\\\\\\process_profile\\\\\\\\default\\\\\\\\module.json\\\",\\\"-p\\\",\\\"com.snkey.sl1\\\",\\\"-r\\\",\\\"D:\\\\\\\\HarmonyProjects\\\\\\\\MengYou\\\\\\\\Code\\\\\\\\FunUnion\\\\\\\\entry\\\\\\\\.preview\\\\\\\\default\\\\\\\\generated\\\\\\\\r\\\\\\\\default\\\\\\\\ResourceTable.h\\\",\\\"-z\\\"]}}\",\"_valueType\":\"string\"}"},{"dataType":"ValueEntry","value":"{\"_name\":\"BUILTIN_TASK_COMMAND\",\"_value\":\"\",\"_valueType\":\"string\"}"},{"dataType":"ValueEntry","value":"{\"_name\":\"BUILTIN_TASK_TOOLCHAIN\",\"_value\":\"\",\"_valueType\":\"string\"}"},{"dataType":"ValueEntry","value":"{\"_name\":\"BUILTIN_TASK_ENV\",\"_value\":\"\",\"_valueType\":\"string\"}"}],"_successful":true,"_projectName":"FunUnion","_moduleName":"entry","_taskName":"default@PreviewProcessResource","_key":":FunUnion:entry:default@PreviewProcessResource","_executionId":":FunUnion:entry:default@PreviewProcessResource:1711615012793","_inputFiles":{"dataType":"Map","value":[]},"_outputFiles":{"dataType":"Map","value":[["{\"commandList\":[\"C:\\\\Huawei\\\\SDK\\\\openharmony\\\\9\\\\toolchains\\\\restool.exe\",\"-m\",\"entry\",\"-f\",\"-j\",\"D:\\\\HarmonyProjects\\\\MengYou\\\\Code\\\\FunUnion\\\\entry\\\\.preview\\\\default\\\\intermediates\\\\process_profile\\\\default\\\\module.json\",\"-p\",\"com.snkey.sl1\",\"-o\",\"D:\\\\HarmonyProjects\\\\MengYou\\\\Code\\\\FunUnion\\\\entry\\\\.preview\\\\default\\\\intermediates\\\\res\\\\default\",\"-r\",\"D:\\\\HarmonyProjects\\\\MengYou\\\\Code\\\\FunUnion\\\\entry\\\\.preview\\\\default\\\\generated\\\\r\\\\default\\\\ResourceTable.h\"],\"inputFiles\":{\"_group\":{}},\"outputFiles\":{\"_group\":{}},\"existsResourceDir\":true,\"restoolLinkParamObj\":{\"appScopeResources\":\"D:\\\\HarmonyProjects\\\\MengYou\\\\Code\\\\FunUnion\\\\AppScope\\\\resources\",\"moduleResourcesMap\":{},\"harResourcesMap\":{},\"outputPath\":\"D:\\\\HarmonyProjects\\\\MengYou\\\\Code\\\\FunUnion\\\\entry\\\\.preview\\\\default\\\\intermediates\\\\res\\\\default\",\"linkCommand\":[\"C:\\\\Huawei\\\\SDK\\\\openharmony\\\\9\\\\toolchains\\\\restool.exe\",\"-m\",\"entry\",\"-f\",\"-j\",\"D:\\\\HarmonyProjects\\\\MengYou\\\\Code\\\\FunUnion\\\\entry\\\\.preview\\\\default\\\\intermediates\\\\process_profile\\\\default\\\\module.json\",\"-p\",\"com.snkey.sl1\",\"-r\",\"D:\\\\HarmonyProjects\\\\MengYou\\\\Code\\\\FunUnion\\\\entry\\\\.preview\\\\default\\\\generated\\\\r\\\\default\\\\ResourceTable.h\",\"-z\"]}}",{"isDirectory":false,"fileSnapShotHashValue":""}]]}},":FunUnion:entry:default@PreviewCompileResource":{"_inputs":[{"dataType":"ValueEntry","value":"{\"_name\":\"PREVIEWER_REPLACE_PAGE\",\"_valueType\":\"undefined\"}"},{"dataType":"ValueEntry","value":"{\"_name\":\"PREVIEWER_REPLACE_SRCPATH\",\"_valueType\":\"undefined\"}"},{"dataType":"ValueEntry","value":"{\"_name\":\"TARGET_CONFIG\",\"_value\":\"{\\\"name\\\":\\\"default\\\",\\\"runtimeOS\\\":\\\"HarmonyOS\\\"}\",\"_valueType\":\"string\"}"},{"dataType":"ValueEntry","value":"{\"_name\":\"BUILTIN_TASK_COMMAND\",\"_value\":\"\",\"_valueType\":\"string\"}"},{"dataType":"ValueEntry","value":"{\"_name\":\"BUILTIN_TASK_TOOLCHAIN\",\"_value\":\"C:\\\\Huawei\\\\SDK\\\\openharmony\\\\9\\\\toolchains\\\\restool.exe\",\"_valueType\":\"string\"}"},{"dataType":"ValueEntry","value":"{\"_name\":\"BUILTIN_TASK_ENV\",\"_value\":\"\",\"_valueType\":\"string\"}"}],"_successful":true,"_projectName":"FunUnion","_moduleName":"entry","_taskName":"default@PreviewCompileResource","_key":":FunUnion:entry:default@PreviewCompileResource","_executionId":":FunUnion:entry:default@PreviewCompileResource:1711615012796","_inputFiles":{"dataType":"Map","value":[["D:\\HarmonyProjects\\MengYou\\Code\\FunUnion\\entry\\src\\main\\resources",{"fileSnapShotHashValue":"c7ed81424cfbec580526f7879f8f37a6"}],["D:\\HarmonyProjects\\MengYou\\Code\\FunUnion\\oh_modules\\.ohpm\\@ohos+axios@2.2.0\\oh_modules\\@ohos\\axios\\src\\main\\resources",{"fileSnapShotHashValue":"1dcc9062b7111c7084418b4422797285"}],["D:\\HarmonyProjects\\MengYou\\Code\\FunUnion\\AppScope\\resources",{"fileSnapShotHashValue":"95183081331d4a78a34748a276aa2fe6"}],["D:\\HarmonyProjects\\MengYou\\Code\\FunUnion\\entry\\.preview\\default\\intermediates\\process_profile\\default\\module.json",{"isDirectory":false,"fileSnapShotHashValue":"f1a98dfc0c4821d404a374f4983fa849"}]]},"_outputFiles":{"dataType":"Map","value":[["D:\\HarmonyProjects\\MengYou\\Code\\FunUnion\\entry\\.preview\\default\\intermediates\\res\\default",{"isDirectory":true,"fileSnapShotHashValue":"75d6a7096a76a791dd9ea75073855d6c"}],["D:\\HarmonyProjects\\MengYou\\Code\\FunUnion\\entry\\.preview\\default\\generated\\r\\default\\ResourceTable.h",{"isDirectory":false,"fileSnapShotHashValue":"7a9642281bb36fedc49c76816000f71c"}],["D:\\HarmonyProjects\\MengYou\\Code\\FunUnion\\entry\\.preview\\default\\generated\\r\\default",{"isDirectory":true,"fileSnapShotHashValue":"974587eb63eff9b4966bc5a6c24c50b3"}]]}},":FunUnion:entry:default@PreviewUpdateAssets":{"_inputs":[{"dataType":"ValueEntry","value":"{\"_name\":\"BUILTIN_TASK_COMMAND\",\"_value\":\"\",\"_valueType\":\"string\"}"},{"dataType":"ValueEntry","value":"{\"_name\":\"BUILTIN_TASK_TOOLCHAIN\",\"_value\":\"\",\"_valueType\":\"string\"}"},{"dataType":"ValueEntry","value":"{\"_name\":\"BUILTIN_TASK_ENV\",\"_value\":\"\",\"_valueType\":\"string\"}"}],"_successful":true,"_projectName":"FunUnion","_moduleName":"entry","_taskName":"default@PreviewUpdateAssets","_key":":FunUnion:entry:default@PreviewUpdateAssets","_executionId":":FunUnion:entry:default@PreviewUpdateAssets:1711615012932","_inputFiles":{"dataType":"Map","value":[["D:\\HarmonyProjects\\MengYou\\Code\\FunUnion\\entry\\.preview\\config\\buildConfig.json",{"isDirectory":false,"fileSnapShotHashValue":"d178ac26486da723abc24a901382e48c"}]]},"_outputFiles":{"dataType":"Map","value":[["D:\\HarmonyProjects\\MengYou\\Code\\FunUnion\\entry\\.preview\\default\\intermediates\\res\\default\\module.json",{"isDirectory":false,"fileSnapShotHashValue":"a7d17473982f850367a01002ccc27b35"}],["D:\\HarmonyProjects\\MengYou\\Code\\FunUnion\\entry\\.preview\\default\\intermediates\\res\\default\\resources\\base\\profile\\main_pages.json",{"isDirectory":false,"fileSnapShotHashValue":"e51333c9bc9501cf1cfaa54c1a42a497"}]]}},":FunUnion:entry:default@PreviewArkTS":{"_inputs":[{"dataType":"ValueEntry","value":"{\"_name\":\"debuggable\",\"_value\":true,\"_valueType\":\"boolean\"}"},{"dataType":"ValueEntry","value":"{\"_name\":\"isArk\",\"_value\":true,\"_valueType\":\"boolean\"}"},{"dataType":"ValueEntry","value":"{\"_name\":\"needCoverageInsert\",\"_value\":false,\"_valueType\":\"boolean\"}"},{"dataType":"ValueEntry","value":"{\"_name\":\"arkTsWdiget\",\"_value\":false,\"_valueType\":\"boolean\"}"},{"dataType":"ValueEntry","value":"{\"_name\":\"BUILTIN_TASK_COMMAND\",\"_value\":\"\",\"_valueType\":\"string\"}"},{"dataType":"ValueEntry","value":"{\"_name\":\"BUILTIN_TASK_TOOLCHAIN\",\"_value\":\"\",\"_valueType\":\"string\"}"},{"dataType":"ValueEntry","value":"{\"_name\":\"BUILTIN_TASK_ENV\",\"_value\":\"\",\"_valueType\":\"string\"}"}],"_successful":true,"_projectName":"FunUnion","_moduleName":"entry","_taskName":"default@PreviewArkTS","_key":":FunUnion:entry:default@PreviewArkTS","_executionId":":FunUnion:entry:default@PreviewArkTS:1711615012935","_inputFiles":{"dataType":"Map","value":[["D:\\HarmonyProjects\\MengYou\\Code\\FunUnion\\entry\\.preview\\default\\intermediates\\loader\\default",{"isDirectory":true,"fileSnapShotHashValue":"d85b053d627b53169229461e1c7b8f1f"}],["D:\\HarmonyProjects\\MengYou\\Code\\FunUnion\\entry\\.preview\\default\\intermediates\\res\\default\\ResourceTable.txt",{"fileSnapShotHashValue":"4c125bf2a3733fd9326c32496b2781f0"}],["D:\\HarmonyProjects\\MengYou\\Code\\FunUnion\\oh_modules\\.ohpm\\@ohos+axios@2.2.0\\oh_modules\\@ohos\\axios\\index.js",{"fileSnapShotHashValue":"89f9d9eebc6bd2f0d62b685b186a2078"}],["D:\\HarmonyProjects\\MengYou\\Code\\FunUnion\\oh_modules\\.ohpm\\@ohos+axios@2.2.0\\oh_modules\\@ohos\\axios\\src\\main\\ets",{"isDirectory":true,"fileSnapShotHashValue":"224fd0b8e87c903505ea6ac19baf64b9"}],["D:\\HarmonyProjects\\MengYou\\Code\\FunUnion\\entry\\.preview\\default\\intermediates\\res\\default\\module.json",{"fileSnapShotHashValue":"a7d17473982f850367a01002ccc27b35"}],["D:\\HarmonyProjects\\MengYou\\Code\\FunUnion\\entry\\.preview\\default\\intermediates\\res\\default\\resources\\base\\profile",{"isDirectory":true,"fileSnapShotHashValue":"85c34907015d70f0f751aeaf6ab07cc7"}],["D:\\HarmonyProjects\\MengYou\\Code\\FunUnion\\entry\\src\\main\\ets",{"isDirectory":true,"fileSnapShotHashValue":"72fbbd2ed7b9fbf7a6f156228e659f17"}]]},"_outputFiles":{"dataType":"Map","value":[["D:\\HarmonyProjects\\MengYou\\Code\\FunUnion\\entry\\.preview\\default\\intermediates\\loader_out\\default\\ets",{"isDirectory":true,"fileSnapShotHashValue":""}]]}},":FunUnion3:entry:default@PreBuild":{"_inputs":[{"dataType":"ValueEntry","value":"{\"_name\":\"BUILTIN_TASK_COMMAND\",\"_value\":\"\",\"_valueType\":\"string\",\"_hash\":\"0b5d05294fdf4e78e8482ef53eb64ac0\"}"},{"dataType":"ValueEntry","value":"{\"_name\":\"BUILTIN_TASK_ENV\",\"_value\":\"\",\"_valueType\":\"string\",\"_hash\":\"cdcdc2ec8062ca9ec1de46dbf2bbc053\"}"},{"dataType":"ValueEntry","value":"{\"_name\":\"BUILTIN_TASK_TOOLCHAIN\",\"_value\":\"\",\"_valueType\":\"string\",\"_hash\":\"e7f94a9422a8bc317a7d90b58efcb5f6\"}"},{"dataType":"ValueEntry","value":"{\"_name\":\"apiType\",\"_value\":\"stageMode\",\"_valueType\":\"string\",\"_hash\":\"699c7565645ea3ea8c88551a4926a3d5\"}"},{"dataType":"ValueEntry","value":"{\"_name\":\"codeType\",\"_value\":true,\"_valueType\":\"boolean\",\"_hash\":\"d6dcf21a9f078b661283507536e57ce8\"}"},{"dataType":"ValueEntry","value":"{\"_name\":\"compatibleApiVersion\",\"_value\":9,\"_valueType\":\"number\",\"_hash\":\"8f14da7cda665d5f6676adf8a127634f\"}"},{"dataType":"ValueEntry","value":"{\"_name\":\"compileApiVersion\",\"_value\":9,\"_valueType\":\"number\",\"_hash\":\"cdd5413832c7470f85f225c67a87a683\"}"},{"dataType":"ValueEntry","value":"{\"_name\":\"deviceType\",\"_value\":[\"phone\",\"tablet\"],\"_valueType\":\"object\",\"_hash\":\"6b8c09abb74b3d778d7ce1bc1efb26ef\"}"},{"dataType":"ValueEntry","value":"{\"_name\":\"isSupportOhpmProj\",\"_value\":true,\"_valueType\":\"boolean\",\"_hash\":\"f3a249d7e3f751316e931b8a08b074b4\"}"},{"dataType":"ValueEntry","value":"{\"_name\":\"profileModuleName\",\"_value\":\"entry\",\"_valueType\":\"string\",\"_hash\":\"b174ea6ff5824844dde5ad92f6b3ef2b\"}"},{"dataType":"ValueEntry","value":"{\"_name\":\"sdkToolchainsComponentVersion\",\"_value\":\"3.2.12.5\",\"_valueType\":\"string\",\"_hash\":\"cc722e03b3384cc9b37c649e4134fc99\"}"},{"dataType":"ValueEntry","value":"{\"_name\":\"targetStatusCode\",\"_value\":2,\"_valueType\":\"number\",\"_hash\":\"5a9255c0f4ee50904a9349ebafca8369\"}"}],"_successful":true,"_projectName":"FunUnion3","_moduleName":"entry","_taskName":"default@PreBuild","_key":":FunUnion3:entry:default@PreBuild","_executionId":":FunUnion3:entry:default@PreBuild:1711619080417","_inputFiles":{"dataType":"Map","value":[["D:\\HarmonyProjects\\MengYou\\Code\\FunUnion3\\AppScope\\app.json5",{"isDirectory":false,"fileSnapShotHashValue":"401d1d436f352f0b8167b64d51fcd450"}],["D:\\HarmonyProjects\\MengYou\\Code\\FunUnion3\\entry\\src\\main\\module.json5",{"isDirectory":false,"fileSnapShotHashValue":"d4dcd38ac84f1230104f478a85f822ac"}]]},"_outputFiles":{"dataType":"Map","value":[]}},":FunUnion3:entry:default@MergeProfile":{"_inputs":[{"dataType":"ValueEntry","value":"{\"_name\":\"BUILTIN_TASK_COMMAND\",\"_value\":\"\",\"_valueType\":\"string\",\"_hash\":\"0b5d05294fdf4e78e8482ef53eb64ac0\"}"},{"dataType":"ValueEntry","value":"{\"_name\":\"BUILTIN_TASK_ENV\",\"_value\":\"\",\"_valueType\":\"string\",\"_hash\":\"cdcdc2ec8062ca9ec1de46dbf2bbc053\"}"},{"dataType":"ValueEntry","value":"{\"_name\":\"BUILTIN_TASK_TOOLCHAIN\",\"_value\":\"\",\"_valueType\":\"string\",\"_hash\":\"e7f94a9422a8bc317a7d90b58efcb5f6\"}"},{"dataType":"ValueEntry","value":"{\"_name\":\"asanEnable\",\"_value\":false,\"_valueType\":\"boolean\",\"_hash\":\"bc2129ba20a21b7e5234139ede1b4d7b\"}"},{"dataType":"ValueEntry","value":"{\"_name\":\"buildRoot\",\"_value\":\".preview\",\"_valueType\":\"string\",\"_hash\":\"88e9a315669657b02bc470a13f92befe\"}"},{"dataType":"ValueEntry","value":"{\"_name\":\"compatibleSdkVersion\",\"_value\":9,\"_valueType\":\"number\",\"_hash\":\"789a8631987a2e2b1a03b001c78d0180\"}"},{"dataType":"ValueEntry","value":"{\"_name\":\"isDebug\",\"_value\":true,\"_valueType\":\"boolean\",\"_hash\":\"edbf05a2d2be2c385e75d9565a48d419\"}"},{"dataType":"ValueEntry","value":"{\"_name\":\"isHarModule\",\"_value\":false,\"_valueType\":\"boolean\",\"_hash\":\"a15b7a3ed818faa99a4a10d67f52cb72\"}"},{"dataType":"ValueEntry","value":"{\"_name\":\"multiProjects\",\"_value\":false,\"_valueType\":\"boolean\",\"_hash\":\"555604752defc243b4e4c55d1549fc06\"}"},{"dataType":"ValueEntry","value":"{\"_name\":\"releaseType\",\"_value\":\"Release\",\"_valueType\":\"string\",\"_hash\":\"bbcabdda034e97584f8c36f85b3ec517\"}"},{"dataType":"ValueEntry","value":"{\"_name\":\"targetSdkVersion\",\"_value\":9,\"_valueType\":\"number\",\"_hash\":\"09b2bdc967d8b97f7b9bf4f19735497e\"}"}],"_successful":true,"_projectName":"FunUnion3","_moduleName":"entry","_taskName":"default@MergeProfile","_key":":FunUnion3:entry:default@MergeProfile","_executionId":":FunUnion3:entry:default@MergeProfile:1711676703900","_inputFiles":{"dataType":"Map","value":[["D:\\HarmonyProjects\\MengYou\\Code\\FunUnion3\\AppScope\\app.json5",{"fileSnapShotHashValue":"401d1d436f352f0b8167b64d51fcd450"}],["D:\\HarmonyProjects\\MengYou\\Code\\FunUnion3\\entry\\src\\main\\module.json5",{"fileSnapShotHashValue":"d4dcd38ac84f1230104f478a85f822ac"}],["D:\\HarmonyProjects\\MengYou\\Code\\FunUnion3\\oh_modules\\.ohpm\\@ohos+axios@2.2.0\\oh_modules\\@ohos\\axios\\src\\main\\module.json",{"fileSnapShotHashValue":"4f780a702268852d754b0307e908ee1d"}]]},"_outputFiles":{"dataType":"Map","value":[["D:\\HarmonyProjects\\MengYou\\Code\\FunUnion3\\entry\\.preview\\default\\intermediates\\merge_profile\\default\\module.json",{"fileSnapShotHashValue":"d754013edd4d80d9ce38f10c91d7f931"}]]}},":FunUnion3:entry:default@GenerateLoaderJson":{"_inputs":[{"dataType":"ValueEntry","value":"{\"_name\":\"BUILTIN_TASK_COMMAND\",\"_value\":\"\",\"_valueType\":\"string\",\"_hash\":\"0b5d05294fdf4e78e8482ef53eb64ac0\"}"},{"dataType":"ValueEntry","value":"{\"_name\":\"BUILTIN_TASK_ENV\",\"_value\":\"\",\"_valueType\":\"string\",\"_hash\":\"cdcdc2ec8062ca9ec1de46dbf2bbc053\"}"},{"dataType":"ValueEntry","value":"{\"_name\":\"BUILTIN_TASK_TOOLCHAIN\",\"_value\":\"\",\"_valueType\":\"string\",\"_hash\":\"e7f94a9422a8bc317a7d90b58efcb5f6\"}"},{"dataType":"ValueEntry","value":"{\"_name\":\"aotCompileMode\",\"_value\":\"\",\"_valueType\":\"string\",\"_hash\":\"31b66e9c596cc61cb06cdecc08aaeb6c\"}"},{"dataType":"ValueEntry","value":"{\"_name\":\"apPath\",\"_value\":\"\",\"_valueType\":\"string\",\"_hash\":\"dabe59b8be9f1396c43dc319521a0027\"}"},{"dataType":"ValueEntry","value":"{\"_name\":\"compileMode\",\"_value\":\"esmodule\",\"_valueType\":\"string\",\"_hash\":\"dacafc8e0b77a950178a0b4d142dc32c\"}"},{"dataType":"ValueEntry","value":"{\"_name\":\"harNameOhmMap\",\"_value\":\"{}\",\"_valueType\":\"string\",\"_hash\":\"0faf006bccbcdc2c7f04ff2d8c87894f\"}"},{"dataType":"ValueEntry","value":"{\"_name\":\"modulePathMap\",\"_value\":\"{\\\"entry\\\":\\\"D:\\\\\\\\HarmonyProjects\\\\\\\\MengYou\\\\\\\\Code\\\\\\\\FunUnion3\\\\\\\\entry\\\"}\",\"_valueType\":\"string\",\"_hash\":\"6b56bb3816a905645d84c8782a17252f\"}"},{"dataType":"ValueEntry","value":"{\"_name\":\"nodeModulesPath\",\"_value\":\"D:\\\\HarmonyProjects\\\\MengYou\\\\Code\\\\FunUnion3\\\\entry\\\\.preview\\\\default\\\\intermediates\\\\loader_out\\\\default\\\\node_modules\",\"_valueType\":\"string\",\"_hash\":\"414b4fda514c1657fb6688056112cbbe\"}"},{"dataType":"ValueEntry","value":"{\"_name\":\"projectRootPath\",\"_value\":\"D:\\\\HarmonyProjects\\\\MengYou\\\\Code\\\\FunUnion3\",\"_valueType\":\"string\",\"_hash\":\"00ce33cd575fce22e2a9287375393ff3\"}"},{"dataType":"ValueEntry","value":"{\"_name\":\"targetConfig\",\"_value\":\"{\\\"name\\\":\\\"default\\\",\\\"runtimeOS\\\":\\\"HarmonyOS\\\"}\",\"_valueType\":\"string\",\"_hash\":\"96bcd83382fb082c731eedf7bc0cf1dc\"}"}],"_successful":true,"_projectName":"FunUnion3","_moduleName":"entry","_taskName":"default@GenerateLoaderJson","_key":":FunUnion3:entry:default@GenerateLoaderJson","_executionId":":FunUnion3:entry:default@GenerateLoaderJson:1711676703904","_inputFiles":{"dataType":"Map","value":[]},"_outputFiles":{"dataType":"Map","value":[["D:\\HarmonyProjects\\MengYou\\Code\\FunUnion3\\entry\\.preview\\default\\intermediates\\loader\\default\\loader.json",{"isDirectory":false,"fileSnapShotHashValue":"ded285cf65277048efd1a216a891818c"}]]}},":FunUnion3:entry:default@ProcessProfile":{"_inputs":[{"dataType":"ValueEntry","value":"{\"_name\":\"BUILTIN_TASK_COMMAND\",\"_value\":\"\",\"_valueType\":\"string\",\"_hash\":\"0b5d05294fdf4e78e8482ef53eb64ac0\"}"},{"dataType":"ValueEntry","value":"{\"_name\":\"BUILTIN_TASK_ENV\",\"_value\":\"\",\"_valueType\":\"string\",\"_hash\":\"cdcdc2ec8062ca9ec1de46dbf2bbc053\"}"},{"dataType":"ValueEntry","value":"{\"_name\":\"BUILTIN_TASK_TOOLCHAIN\",\"_value\":\"\",\"_valueType\":\"string\",\"_hash\":\"e7f94a9422a8bc317a7d90b58efcb5f6\"}"},{"dataType":"ValueEntry","value":"{\"_name\":\"arkEnable\",\"_value\":true,\"_valueType\":\"boolean\",\"_hash\":\"750b4bda198545a67903dfb3f6a00a95\"}"},{"dataType":"ValueEntry","value":"{\"_name\":\"compileMode\",\"_value\":\"esmodule\",\"_valueType\":\"string\",\"_hash\":\"dacafc8e0b77a950178a0b4d142dc32c\"}"},{"dataType":"ValueEntry","value":"{\"_name\":\"dependency\",\"_value\":\"[]\",\"_valueType\":\"string\",\"_hash\":\"ac54f3d4ced2d4c1d666d40e4f7c454a\"}"},{"dataType":"ValueEntry","value":"{\"_name\":\"deviceTypes\",\"_value\":[\"phone\",\"tablet\"],\"_valueType\":\"object\",\"_hash\":\"c166d88837153e59136adb6a4b649962\"}"}],"_successful":true,"_projectName":"FunUnion3","_moduleName":"entry","_taskName":"default@ProcessProfile","_key":":FunUnion3:entry:default@ProcessProfile","_executionId":":FunUnion3:entry:default@ProcessProfile:1711676703907","_inputFiles":{"dataType":"Map","value":[["D:\\HarmonyProjects\\MengYou\\Code\\FunUnion3\\entry\\.preview\\default\\intermediates\\merge_profile\\default\\module.json",{"fileSnapShotHashValue":"d754013edd4d80d9ce38f10c91d7f931"}]]},"_outputFiles":{"dataType":"Map","value":[["D:\\HarmonyProjects\\MengYou\\Code\\FunUnion3\\entry\\.preview\\default\\intermediates\\process_profile\\default\\module.json",{"fileSnapShotHashValue":"c31c0797c1e2742bbee09373405e7f7c"}]]}},":FunUnion3:entry:default@PreviewProcessResource":{"_inputs":[{"dataType":"ValueEntry","value":"{\"_name\":\"previewCompileResourcesCommand\",\"_value\":\"{\\\"commandList\\\":[\\\"C:\\\\\\\\Huawei\\\\\\\\SDK\\\\\\\\openharmony\\\\\\\\9\\\\\\\\toolchains\\\\\\\\restool.exe\\\",\\\"-m\\\",\\\"entry\\\",\\\"-f\\\",\\\"-j\\\",\\\"D:\\\\\\\\HarmonyProjects\\\\\\\\MengYou\\\\\\\\Code\\\\\\\\FunUnion3\\\\\\\\entry\\\\\\\\.preview\\\\\\\\default\\\\\\\\intermediates\\\\\\\\process_profile\\\\\\\\default\\\\\\\\module.json\\\",\\\"-p\\\",\\\"com.snkey.sl1\\\",\\\"-o\\\",\\\"D:\\\\\\\\HarmonyProjects\\\\\\\\MengYou\\\\\\\\Code\\\\\\\\FunUnion3\\\\\\\\entry\\\\\\\\.preview\\\\\\\\default\\\\\\\\intermediates\\\\\\\\res\\\\\\\\default\\\",\\\"-r\\\",\\\"D:\\\\\\\\HarmonyProjects\\\\\\\\MengYou\\\\\\\\Code\\\\\\\\FunUnion3\\\\\\\\entry\\\\\\\\.preview\\\\\\\\default\\\\\\\\generated\\\\\\\\r\\\\\\\\default\\\\\\\\ResourceTable.h\\\"],\\\"inputFiles\\\":{\\\"_group\\\":{}},\\\"outputFiles\\\":{\\\"_group\\\":{}},\\\"existsResourceDir\\\":true,\\\"restoolLinkParamObj\\\":{\\\"appScopeResources\\\":\\\"D:\\\\\\\\HarmonyProjects\\\\\\\\MengYou\\\\\\\\Code\\\\\\\\FunUnion3\\\\\\\\AppScope\\\\\\\\resources\\\",\\\"moduleResourcesMap\\\":{},\\\"harResourcesMap\\\":{},\\\"outputPath\\\":\\\"D:\\\\\\\\HarmonyProjects\\\\\\\\MengYou\\\\\\\\Code\\\\\\\\FunUnion3\\\\\\\\entry\\\\\\\\.preview\\\\\\\\default\\\\\\\\intermediates\\\\\\\\res\\\\\\\\default\\\",\\\"linkCommand\\\":[\\\"C:\\\\\\\\Huawei\\\\\\\\SDK\\\\\\\\openharmony\\\\\\\\9\\\\\\\\toolchains\\\\\\\\restool.exe\\\",\\\"-m\\\",\\\"entry\\\",\\\"-f\\\",\\\"-j\\\",\\\"D:\\\\\\\\HarmonyProjects\\\\\\\\MengYou\\\\\\\\Code\\\\\\\\FunUnion3\\\\\\\\entry\\\\\\\\.preview\\\\\\\\default\\\\\\\\intermediates\\\\\\\\process_profile\\\\\\\\default\\\\\\\\module.json\\\",\\\"-p\\\",\\\"com.snkey.sl1\\\",\\\"-r\\\",\\\"D:\\\\\\\\HarmonyProjects\\\\\\\\MengYou\\\\\\\\Code\\\\\\\\FunUnion3\\\\\\\\entry\\\\\\\\.preview\\\\\\\\default\\\\\\\\generated\\\\\\\\r\\\\\\\\default\\\\\\\\ResourceTable.h\\\",\\\"-z\\\"]}}\",\"_valueType\":\"string\"}"},{"dataType":"ValueEntry","value":"{\"_name\":\"BUILTIN_TASK_COMMAND\",\"_value\":\"\",\"_valueType\":\"string\"}"},{"dataType":"ValueEntry","value":"{\"_name\":\"BUILTIN_TASK_TOOLCHAIN\",\"_value\":\"\",\"_valueType\":\"string\"}"},{"dataType":"ValueEntry","value":"{\"_name\":\"BUILTIN_TASK_ENV\",\"_value\":\"\",\"_valueType\":\"string\"}"}],"_successful":true,"_projectName":"FunUnion3","_moduleName":"entry","_taskName":"default@PreviewProcessResource","_key":":FunUnion3:entry:default@PreviewProcessResource","_executionId":":FunUnion3:entry:default@PreviewProcessResource:1711680019614","_inputFiles":{"dataType":"Map","value":[]},"_outputFiles":{"dataType":"Map","value":[["{\"commandList\":[\"C:\\\\Huawei\\\\SDK\\\\openharmony\\\\9\\\\toolchains\\\\restool.exe\",\"-m\",\"entry\",\"-f\",\"-j\",\"D:\\\\HarmonyProjects\\\\MengYou\\\\Code\\\\FunUnion3\\\\entry\\\\.preview\\\\default\\\\intermediates\\\\process_profile\\\\default\\\\module.json\",\"-p\",\"com.snkey.sl1\",\"-o\",\"D:\\\\HarmonyProjects\\\\MengYou\\\\Code\\\\FunUnion3\\\\entry\\\\.preview\\\\default\\\\intermediates\\\\res\\\\default\",\"-r\",\"D:\\\\HarmonyProjects\\\\MengYou\\\\Code\\\\FunUnion3\\\\entry\\\\.preview\\\\default\\\\generated\\\\r\\\\default\\\\ResourceTable.h\"],\"inputFiles\":{\"_group\":{}},\"outputFiles\":{\"_group\":{}},\"existsResourceDir\":true,\"restoolLinkParamObj\":{\"appScopeResources\":\"D:\\\\HarmonyProjects\\\\MengYou\\\\Code\\\\FunUnion3\\\\AppScope\\\\resources\",\"moduleResourcesMap\":{},\"harResourcesMap\":{},\"outputPath\":\"D:\\\\HarmonyProjects\\\\MengYou\\\\Code\\\\FunUnion3\\\\entry\\\\.preview\\\\default\\\\intermediates\\\\res\\\\default\",\"linkCommand\":[\"C:\\\\Huawei\\\\SDK\\\\openharmony\\\\9\\\\toolchains\\\\restool.exe\",\"-m\",\"entry\",\"-f\",\"-j\",\"D:\\\\HarmonyProjects\\\\MengYou\\\\Code\\\\FunUnion3\\\\entry\\\\.preview\\\\default\\\\intermediates\\\\process_profile\\\\default\\\\module.json\",\"-p\",\"com.snkey.sl1\",\"-r\",\"D:\\\\HarmonyProjects\\\\MengYou\\\\Code\\\\FunUnion3\\\\entry\\\\.preview\\\\default\\\\generated\\\\r\\\\default\\\\ResourceTable.h\",\"-z\"]}}",{"isDirectory":false,"fileSnapShotHashValue":""}]]}},":FunUnion3:entry:default@PreviewCompileResource":{"_inputs":[{"dataType":"ValueEntry","value":"{\"_name\":\"PREVIEWER_REPLACE_PAGE\",\"_valueType\":\"undefined\"}"},{"dataType":"ValueEntry","value":"{\"_name\":\"PREVIEWER_REPLACE_SRCPATH\",\"_valueType\":\"undefined\"}"},{"dataType":"ValueEntry","value":"{\"_name\":\"TARGET_CONFIG\",\"_value\":\"{\\\"name\\\":\\\"default\\\",\\\"runtimeOS\\\":\\\"HarmonyOS\\\"}\",\"_valueType\":\"string\"}"},{"dataType":"ValueEntry","value":"{\"_name\":\"BUILTIN_TASK_COMMAND\",\"_value\":\"\",\"_valueType\":\"string\"}"},{"dataType":"ValueEntry","value":"{\"_name\":\"BUILTIN_TASK_TOOLCHAIN\",\"_value\":\"C:\\\\Huawei\\\\SDK\\\\openharmony\\\\9\\\\toolchains\\\\restool.exe\",\"_valueType\":\"string\"}"},{"dataType":"ValueEntry","value":"{\"_name\":\"BUILTIN_TASK_ENV\",\"_value\":\"\",\"_valueType\":\"string\"}"}],"_successful":true,"_projectName":"FunUnion3","_moduleName":"entry","_taskName":"default@PreviewCompileResource","_key":":FunUnion3:entry:default@PreviewCompileResource","_executionId":":FunUnion3:entry:default@PreviewCompileResource:1711680019617","_inputFiles":{"dataType":"Map","value":[["D:\\HarmonyProjects\\MengYou\\Code\\FunUnion3\\entry\\src\\main\\resources",{"fileSnapShotHashValue":"afd7f0face5c13d0192bd09faa1e92b4"}],["D:\\HarmonyProjects\\MengYou\\Code\\FunUnion3\\oh_modules\\.ohpm\\@ohos+axios@2.2.0\\oh_modules\\@ohos\\axios\\src\\main\\resources",{"fileSnapShotHashValue":"1dcc9062b7111c7084418b4422797285"}],["D:\\HarmonyProjects\\MengYou\\Code\\FunUnion3\\AppScope\\resources",{"fileSnapShotHashValue":"95183081331d4a78a34748a276aa2fe6"}],["D:\\HarmonyProjects\\MengYou\\Code\\FunUnion3\\entry\\.preview\\default\\intermediates\\process_profile\\default\\module.json",{"isDirectory":false,"fileSnapShotHashValue":"c31c0797c1e2742bbee09373405e7f7c"}]]},"_outputFiles":{"dataType":"Map","value":[["D:\\HarmonyProjects\\MengYou\\Code\\FunUnion3\\entry\\.preview\\default\\intermediates\\res\\default",{"isDirectory":true,"fileSnapShotHashValue":"c0bfa28189b24a372d91bd8b9a320dda"}],["D:\\HarmonyProjects\\MengYou\\Code\\FunUnion3\\entry\\.preview\\default\\generated\\r\\default\\ResourceTable.h",{"isDirectory":false,"fileSnapShotHashValue":"13357218f268979426210a1a8d0ad1d2"}],["D:\\HarmonyProjects\\MengYou\\Code\\FunUnion3\\entry\\.preview\\default\\generated\\r\\default",{"isDirectory":true,"fileSnapShotHashValue":"6af1724748628b8b02d8e7c9095a9592"}]]}},":FunUnion3:entry:default@PreviewUpdateAssets":{"_inputs":[{"dataType":"ValueEntry","value":"{\"_name\":\"BUILTIN_TASK_COMMAND\",\"_value\":\"\",\"_valueType\":\"string\"}"},{"dataType":"ValueEntry","value":"{\"_name\":\"BUILTIN_TASK_TOOLCHAIN\",\"_value\":\"\",\"_valueType\":\"string\"}"},{"dataType":"ValueEntry","value":"{\"_name\":\"BUILTIN_TASK_ENV\",\"_value\":\"\",\"_valueType\":\"string\"}"}],"_successful":true,"_projectName":"FunUnion3","_moduleName":"entry","_taskName":"default@PreviewUpdateAssets","_key":":FunUnion3:entry:default@PreviewUpdateAssets","_executionId":":FunUnion3:entry:default@PreviewUpdateAssets:1711680019807","_inputFiles":{"dataType":"Map","value":[["D:\\HarmonyProjects\\MengYou\\Code\\FunUnion3\\entry\\.preview\\config\\buildConfig.json",{"isDirectory":false,"fileSnapShotHashValue":"3055f08efe7d21cd445696aaf97fa0aa"}]]},"_outputFiles":{"dataType":"Map","value":[["D:\\HarmonyProjects\\MengYou\\Code\\FunUnion3\\entry\\.preview\\default\\intermediates\\res\\default\\module.json",{"isDirectory":false,"fileSnapShotHashValue":"33ab2e9312649bd479555ffbb9bac629"}],["D:\\HarmonyProjects\\MengYou\\Code\\FunUnion3\\entry\\.preview\\default\\intermediates\\res\\default\\resources\\base\\profile\\main_pages.json",{"isDirectory":false,"fileSnapShotHashValue":"acaeb03dafe41072d045ed5e6ee6a2fc"}]]}},":FunUnion3:entry:default@PreviewArkTS":{"_inputs":[{"dataType":"ValueEntry","value":"{\"_name\":\"debuggable\",\"_value\":true,\"_valueType\":\"boolean\"}"},{"dataType":"ValueEntry","value":"{\"_name\":\"isArk\",\"_value\":true,\"_valueType\":\"boolean\"}"},{"dataType":"ValueEntry","value":"{\"_name\":\"needCoverageInsert\",\"_value\":false,\"_valueType\":\"boolean\"}"},{"dataType":"ValueEntry","value":"{\"_name\":\"arkTsWdiget\",\"_value\":false,\"_valueType\":\"boolean\"}"},{"dataType":"ValueEntry","value":"{\"_name\":\"BUILTIN_TASK_COMMAND\",\"_value\":\"\",\"_valueType\":\"string\"}"},{"dataType":"ValueEntry","value":"{\"_name\":\"BUILTIN_TASK_TOOLCHAIN\",\"_value\":\"\",\"_valueType\":\"string\"}"},{"dataType":"ValueEntry","value":"{\"_name\":\"BUILTIN_TASK_ENV\",\"_value\":\"\",\"_valueType\":\"string\"}"}],"_successful":true,"_projectName":"FunUnion3","_moduleName":"entry","_taskName":"default@PreviewArkTS","_key":":FunUnion3:entry:default@PreviewArkTS","_executionId":":FunUnion3:entry:default@PreviewArkTS:1711680019810","_inputFiles":{"dataType":"Map","value":[["D:\\HarmonyProjects\\MengYou\\Code\\FunUnion3\\entry\\.preview\\default\\intermediates\\loader\\default",{"isDirectory":true,"fileSnapShotHashValue":"ef2de6bd374d7d48c3acd24484e7f322"}],["D:\\HarmonyProjects\\MengYou\\Code\\FunUnion3\\entry\\.preview\\default\\intermediates\\res\\default\\ResourceTable.txt",{"fileSnapShotHashValue":"51b1a11675fc8b9fb74f70b1052fa720"}],["D:\\HarmonyProjects\\MengYou\\Code\\FunUnion3\\oh_modules\\.ohpm\\@ohos+axios@2.2.0\\oh_modules\\@ohos\\axios\\index.js",{"fileSnapShotHashValue":"89f9d9eebc6bd2f0d62b685b186a2078"}],["D:\\HarmonyProjects\\MengYou\\Code\\FunUnion3\\oh_modules\\.ohpm\\@ohos+axios@2.2.0\\oh_modules\\@ohos\\axios\\src\\main\\ets",{"isDirectory":true,"fileSnapShotHashValue":"224fd0b8e87c903505ea6ac19baf64b9"}],["D:\\HarmonyProjects\\MengYou\\Code\\FunUnion3\\entry\\.preview\\default\\intermediates\\res\\default\\module.json",{"fileSnapShotHashValue":"33ab2e9312649bd479555ffbb9bac629"}],["D:\\HarmonyProjects\\MengYou\\Code\\FunUnion3\\entry\\.preview\\default\\intermediates\\res\\default\\resources\\base\\profile",{"isDirectory":true,"fileSnapShotHashValue":"3d72c38988c629ead2e3f62012aad130"}],["D:\\HarmonyProjects\\MengYou\\Code\\FunUnion3\\entry\\src\\main\\ets",{"isDirectory":true,"fileSnapShotHashValue":"38bc976e3b08b370767ac1433712fec2"}]]},"_outputFiles":{"dataType":"Map","value":[["D:\\HarmonyProjects\\MengYou\\Code\\FunUnion3\\entry\\.preview\\default\\intermediates\\loader_out\\default\\ets",{"isDirectory":true,"fileSnapShotHashValue":""}]]}},":FunUnion3:entry:default@GenerateMetadata":{"_inputs":[{"dataType":"ValueEntry","value":"{\"_name\":\"sdkToolchainsComponentVersion\",\"_value\":\"3.2.12.5\",\"_valueType\":\"string\"}"},{"dataType":"ValueEntry","value":"{\"_name\":\"existSigningConfig\",\"_value\":true,\"_valueType\":\"boolean\"}"},{"dataType":"ValueEntry","value":"{\"_name\":\"signingConfig_name\",\"_value\":\"default\",\"_valueType\":\"string\"}"},{"dataType":"ValueEntry","value":"{\"_name\":\"signingConfig_type\",\"_value\":\"HarmonyOS\",\"_valueType\":\"string\"}"},{"dataType":"ValueEntry","value":"{\"_name\":\"existMaterial\",\"_value\":true,\"_valueType\":\"boolean\"}"},{"dataType":"ValueEntry","value":"{\"_name\":\"signingConfig_signAlg\",\"_value\":\"SHA256withECDSA\",\"_valueType\":\"string\"}"},{"dataType":"ValueEntry","value":"{\"_name\":\"signingConfig_keyAlias\",\"_value\":\"debugKey\",\"_valueType\":\"string\"}"},{"dataType":"ValueEntry","value":"{\"_name\":\"signingConfig_keyPassword\",\"_value\":\"0000001A67352B032D8C9708FBC6DF3EDC5D9CA31D9FCDC359E37D198DC13969BA117CE457CB26D55718\",\"_valueType\":\"string\"}"},{"dataType":"ValueEntry","value":"{\"_name\":\"signingConfig_storePassword\",\"_value\":\"0000001A6DF4326F49789CCE92A4B2F6A921CACCAC3766605B7EBEE90F599047B61BAABBC20EA55DFBD0\",\"_valueType\":\"string\"}"},{"dataType":"ValueEntry","value":"{\"_name\":\"targetConfig\",\"_value\":\"{\\\"name\\\":\\\"default\\\",\\\"runtimeOS\\\":\\\"HarmonyOS\\\"}\",\"_valueType\":\"string\"}"},{"dataType":"ValueEntry","value":"{\"_name\":\"moduleDeviceType\",\"_value\":[\"phone\",\"tablet\"],\"_valueType\":\"object\"}"},{"dataType":"ValueEntry","value":"{\"_name\":\"product\",\"_value\":\"default\",\"_valueType\":\"string\"}"},{"dataType":"ValueEntry","value":"{\"_name\":\"entryModules\",\"_value\":[],\"_valueType\":\"object\"}"},{"dataType":"ValueEntry","value":"{\"_name\":\"BUILTIN_TASK_COMMAND\",\"_value\":\"\",\"_valueType\":\"string\"}"},{"dataType":"ValueEntry","value":"{\"_name\":\"BUILTIN_TASK_TOOLCHAIN\",\"_value\":\"\",\"_valueType\":\"string\"}"},{"dataType":"ValueEntry","value":"{\"_name\":\"BUILTIN_TASK_ENV\",\"_value\":\"\",\"_valueType\":\"string\"}"}],"_successful":true,"_projectName":"FunUnion3","_moduleName":"entry","_taskName":"default@GenerateMetadata","_key":":FunUnion3:entry:default@GenerateMetadata","_executionId":":FunUnion3:entry:default@GenerateMetadata:1711676684866","_inputFiles":{"dataType":"Map","value":[["D:\\HarmonyProjects\\MengYou\\Code\\FunUnion3\\entry\\src\\main\\module.json5",{"fileSnapShotHashValue":"d4dcd38ac84f1230104f478a85f822ac"}]]},"_outputFiles":{"dataType":"Map","value":[["D:\\HarmonyProjects\\MengYou\\Code\\FunUnion3\\entry\\build\\default\\intermediates\\hap_metadata\\default\\output_metadata.json",{"fileSnapShotHashValue":"ba5b5d7c801e7805f2a26e0523c0798c"}]]}},":FunUnion3:entry:default@MakePackInfo":{"_inputs":[{"dataType":"ValueEntry","value":"{\"_name\":\"deviceTypes\",\"_value\":[\"phone\",\"tablet\"],\"_valueType\":\"object\"}"},{"dataType":"ValueEntry","value":"{\"_name\":\"compileSdkVersion\",\"_value\":9,\"_valueType\":\"number\"}"},{"dataType":"ValueEntry","value":"{\"_name\":\"compatibleSdkVersion\",\"_value\":9,\"_valueType\":\"number\"}"},{"dataType":"ValueEntry","value":"{\"_name\":\"releaseType\",\"_value\":\"Release\",\"_valueType\":\"string\"}"},{"dataType":"ValueEntry","value":"{\"_name\":\"BUILTIN_TASK_COMMAND\",\"_value\":\"\",\"_valueType\":\"string\"}"},{"dataType":"ValueEntry","value":"{\"_name\":\"BUILTIN_TASK_TOOLCHAIN\",\"_value\":\"\",\"_valueType\":\"string\"}"},{"dataType":"ValueEntry","value":"{\"_name\":\"BUILTIN_TASK_ENV\",\"_value\":\"\",\"_valueType\":\"string\"}"}],"_successful":true,"_projectName":"FunUnion3","_moduleName":"entry","_taskName":"default@MakePackInfo","_key":":FunUnion3:entry:default@MakePackInfo","_executionId":":FunUnion3:entry:default@MakePackInfo:1711676684888","_inputFiles":{"dataType":"Map","value":[["D:\\HarmonyProjects\\MengYou\\Code\\FunUnion3\\AppScope\\app.json5",{"fileSnapShotHashValue":"401d1d436f352f0b8167b64d51fcd450"}],["D:\\HarmonyProjects\\MengYou\\Code\\FunUnion3\\entry\\src\\main\\module.json5",{"fileSnapShotHashValue":"d4dcd38ac84f1230104f478a85f822ac"}]]},"_outputFiles":{"dataType":"Map","value":[["D:\\HarmonyProjects\\MengYou\\Code\\FunUnion3\\entry\\build\\default\\outputs\\default\\pack.info",{"fileSnapShotHashValue":"8ad1f7f82de57e8a9e7ab6fc9c58810e"}]]}},":FunUnion3:entry:default@ProcessResource":{"_inputs":[{"dataType":"ValueEntry","value":"{\"_name\":\"resConfigJsonContent\",\"_value\":\"{\\\"configPath\\\":\\\"D:\\\\\\\\HarmonyProjects\\\\\\\\MengYou\\\\\\\\Code\\\\\\\\FunUnion3\\\\\\\\entry\\\\\\\\build\\\\\\\\default\\\\\\\\intermediates\\\\\\\\process_profile\\\\\\\\default\\\\\\\\module.json\\\",\\\"packageName\\\":\\\"com.snkey.sl1\\\",\\\"output\\\":\\\"D:\\\\\\\\HarmonyProjects\\\\\\\\MengYou\\\\\\\\Code\\\\\\\\FunUnion3\\\\\\\\entry\\\\\\\\build\\\\\\\\default\\\\\\\\intermediates\\\\\\\\res\\\\\\\\default\\\",\\\"moduleNames\\\":\\\"entry\\\",\\\"ResourceTable\\\":[\\\"D:\\\\\\\\HarmonyProjects\\\\\\\\MengYou\\\\\\\\Code\\\\\\\\FunUnion3\\\\\\\\entry\\\\\\\\build\\\\\\\\default\\\\\\\\generated\\\\\\\\r\\\\\\\\default\\\\\\\\ResourceTable.h\\\"],\\\"applicationResource\\\":\\\"D:\\\\\\\\HarmonyProjects\\\\\\\\MengYou\\\\\\\\Code\\\\\\\\FunUnion3\\\\\\\\AppScope\\\\\\\\resources\\\",\\\"moduleResources\\\":[\\\"D:\\\\\\\\HarmonyProjects\\\\\\\\MengYou\\\\\\\\Code\\\\\\\\FunUnion3\\\\\\\\entry\\\\\\\\src\\\\\\\\main\\\\\\\\resources\\\"],\\\"dependencies\\\":[\\\"D:\\\\\\\\HarmonyProjects\\\\\\\\MengYou\\\\\\\\Code\\\\\\\\FunUnion3\\\\\\\\oh_modules\\\\\\\\.ohpm\\\\\\\\@ohos+axios@2.2.0\\\\\\\\oh_modules\\\\\\\\@ohos\\\\\\\\axios\\\\\\\\src\\\\\\\\main\\\\\\\\resources\\\"]}\",\"_valueType\":\"string\"}"},{"dataType":"ValueEntry","value":"{\"_name\":\"BUILTIN_TASK_COMMAND\",\"_value\":\"\",\"_valueType\":\"string\"}"},{"dataType":"ValueEntry","value":"{\"_name\":\"BUILTIN_TASK_TOOLCHAIN\",\"_value\":\"\",\"_valueType\":\"string\"}"},{"dataType":"ValueEntry","value":"{\"_name\":\"BUILTIN_TASK_ENV\",\"_value\":\"\",\"_valueType\":\"string\"}"}],"_successful":true,"_projectName":"FunUnion3","_moduleName":"entry","_taskName":"default@ProcessResource","_key":":FunUnion3:entry:default@ProcessResource","_executionId":":FunUnion3:entry:default@ProcessResource:1711676685011","_inputFiles":{"dataType":"Map","value":[]},"_outputFiles":{"dataType":"Map","value":[["D:\\HarmonyProjects\\MengYou\\Code\\FunUnion3\\entry\\build\\default\\intermediates\\res\\default\\resConfig.json",{"isDirectory":false,"fileSnapShotHashValue":"b10bda8697929df3494f07340f5ff517"}]]}},":FunUnion3:entry:default@ProcessLibs":{"_inputs":[{"dataType":"ValueEntry","value":"{\"_name\":\"BUILTIN_TASK_COMMAND\",\"_value\":\"\",\"_valueType\":\"string\"}"},{"dataType":"ValueEntry","value":"{\"_name\":\"BUILTIN_TASK_TOOLCHAIN\",\"_value\":\"\",\"_valueType\":\"string\"}"},{"dataType":"ValueEntry","value":"{\"_name\":\"BUILTIN_TASK_ENV\",\"_value\":\"\",\"_valueType\":\"string\"}"}],"_successful":true,"_projectName":"FunUnion3","_moduleName":"entry","_taskName":"default@ProcessLibs","_key":":FunUnion3:entry:default@ProcessLibs","_executionId":":FunUnion3:entry:default@ProcessLibs:1711676685013","_inputFiles":{"dataType":"Map","value":[["D:\\HarmonyProjects\\MengYou\\Code\\FunUnion3\\oh_modules\\.ohpm\\@ohos+axios@2.2.0\\oh_modules\\@ohos\\axios\\libs",{"isDirectory":true,"fileSnapShotHashValue":""}]]},"_outputFiles":{"dataType":"Map","value":[["D:\\HarmonyProjects\\MengYou\\Code\\FunUnion3\\entry\\build\\default\\intermediates\\libs\\default",{"isDirectory":true,"fileSnapShotHashValue":""}]]}},":FunUnion3:entry:default@CompileResource":{"_inputs":[{"dataType":"ValueEntry","value":"{\"_name\":\"TARGET_CONFIG\",\"_value\":\"{\\\"name\\\":\\\"default\\\",\\\"runtimeOS\\\":\\\"HarmonyOS\\\"}\",\"_valueType\":\"string\"}"},{"dataType":"ValueEntry","value":"{\"_name\":\"BUILTIN_TASK_COMMAND\",\"_value\":\"C:\\\\Huawei\\\\SDK\\\\openharmony\\\\9\\\\toolchains\\\\restool.exe,-l,D:\\\\HarmonyProjects\\\\MengYou\\\\Code\\\\FunUnion3\\\\entry\\\\build\\\\default\\\\intermediates\\\\res\\\\default\\\\resConfig.json\",\"_valueType\":\"string\"}"},{"dataType":"ValueEntry","value":"{\"_name\":\"BUILTIN_TASK_TOOLCHAIN\",\"_value\":\"C:\\\\Huawei\\\\SDK\\\\openharmony\\\\9\\\\toolchains\\\\restool.exe\",\"_valueType\":\"string\"}"},{"dataType":"ValueEntry","value":"{\"_name\":\"BUILTIN_TASK_ENV\",\"_value\":\"\",\"_valueType\":\"string\"}"}],"_successful":true,"_projectName":"FunUnion3","_moduleName":"entry","_taskName":"default@CompileResource","_key":":FunUnion3:entry:default@CompileResource","_executionId":":FunUnion3:entry:default@CompileResource:1711676685018","_inputFiles":{"dataType":"Map","value":[["D:\\HarmonyProjects\\MengYou\\Code\\FunUnion3\\entry\\src\\main\\resources",{"fileSnapShotHashValue":"a5beda52fdff2273aa52576a256d22fd"}],["D:\\HarmonyProjects\\MengYou\\Code\\FunUnion3\\oh_modules\\.ohpm\\@ohos+axios@2.2.0\\oh_modules\\@ohos\\axios\\src\\main\\resources",{"fileSnapShotHashValue":"1dcc9062b7111c7084418b4422797285"}],["D:\\HarmonyProjects\\MengYou\\Code\\FunUnion3\\AppScope\\resources",{"fileSnapShotHashValue":"95183081331d4a78a34748a276aa2fe6"}],["D:\\HarmonyProjects\\MengYou\\Code\\FunUnion3\\entry\\build\\default\\intermediates\\process_profile\\default\\module.json",{"isDirectory":false,"fileSnapShotHashValue":"a85cd2718625537646ce4b88fae09e15"}],["D:\\HarmonyProjects\\MengYou\\Code\\FunUnion3\\entry\\build\\default\\intermediates\\res\\default\\resConfig.json",{"isDirectory":false,"fileSnapShotHashValue":"b10bda8697929df3494f07340f5ff517"}]]},"_outputFiles":{"dataType":"Map","value":[["D:\\HarmonyProjects\\MengYou\\Code\\FunUnion3\\entry\\build\\default\\intermediates\\res\\default",{"isDirectory":true,"fileSnapShotHashValue":"eaa72f55d1495f5d7b5233a1048c625e"}],["D:\\HarmonyProjects\\MengYou\\Code\\FunUnion3\\entry\\build\\default\\generated\\r\\default\\ResourceTable.h",{"isDirectory":false,"fileSnapShotHashValue":"5f532ddb334f4f030d92feb047b848b3"}],["D:\\HarmonyProjects\\MengYou\\Code\\FunUnion3\\entry\\build\\default\\generated\\r\\default",{"isDirectory":true,"fileSnapShotHashValue":"236332e369d29a4ad1e3809351cf1fc7"}]]}},":FunUnion3:entry:default@CompileArkTS":{"_inputs":[{"dataType":"ValueEntry","value":"{\"_name\":\"debuggable\",\"_value\":true,\"_valueType\":\"boolean\"}"},{"dataType":"ValueEntry","value":"{\"_name\":\"isArk\",\"_value\":true,\"_valueType\":\"boolean\"}"},{"dataType":"ValueEntry","value":"{\"_name\":\"needCoverageInsert\",\"_value\":false,\"_valueType\":\"boolean\"}"},{"dataType":"ValueEntry","value":"{\"_name\":\"arkTsWdiget\",\"_value\":false,\"_valueType\":\"boolean\"}"},{"dataType":"ValueEntry","value":"{\"_name\":\"BUILTIN_TASK_COMMAND\",\"_value\":\"\",\"_valueType\":\"string\"}"},{"dataType":"ValueEntry","value":"{\"_name\":\"BUILTIN_TASK_TOOLCHAIN\",\"_value\":\"\",\"_valueType\":\"string\"}"},{"dataType":"ValueEntry","value":"{\"_name\":\"BUILTIN_TASK_ENV\",\"_value\":\"\",\"_valueType\":\"string\"}"}],"_successful":true,"_projectName":"FunUnion3","_moduleName":"entry","_taskName":"default@CompileArkTS","_key":":FunUnion3:entry:default@CompileArkTS","_executionId":":FunUnion3:entry:default@CompileArkTS:1711676685110","_inputFiles":{"dataType":"Map","value":[["D:\\HarmonyProjects\\MengYou\\Code\\FunUnion3\\entry\\build\\default\\intermediates\\loader\\default",{"isDirectory":true,"fileSnapShotHashValue":"f8325c4b54c98d0bc62fefb0082ab887"}],["D:\\HarmonyProjects\\MengYou\\Code\\FunUnion3\\entry\\build\\default\\intermediates\\res\\default\\ResourceTable.txt",{"fileSnapShotHashValue":"4d2991345c18c8bc6abe574f1430a652"}],["D:\\HarmonyProjects\\MengYou\\Code\\FunUnion3\\oh_modules\\.ohpm\\@ohos+axios@2.2.0\\oh_modules\\@ohos\\axios\\index.js",{"fileSnapShotHashValue":"89f9d9eebc6bd2f0d62b685b186a2078"}],["D:\\HarmonyProjects\\MengYou\\Code\\FunUnion3\\oh_modules\\.ohpm\\@ohos+axios@2.2.0\\oh_modules\\@ohos\\axios\\src\\main\\ets",{"isDirectory":true,"fileSnapShotHashValue":"224fd0b8e87c903505ea6ac19baf64b9"}],["D:\\HarmonyProjects\\MengYou\\Code\\FunUnion3\\entry\\build\\default\\intermediates\\res\\default\\module.json",{"fileSnapShotHashValue":"c53299b450df239aed352ddd3449ae86"}],["D:\\HarmonyProjects\\MengYou\\Code\\FunUnion3\\entry\\build\\default\\intermediates\\res\\default\\resources\\base\\profile",{"isDirectory":true,"fileSnapShotHashValue":"4c91151a27df7d7385a10b83676c0090"}],["D:\\HarmonyProjects\\MengYou\\Code\\FunUnion3\\entry\\src\\main\\ets",{"isDirectory":true,"fileSnapShotHashValue":"c977c0a15799042ff9bb14450a9f893f"}]]},"_outputFiles":{"dataType":"Map","value":[["D:\\HarmonyProjects\\MengYou\\Code\\FunUnion3\\entry\\build\\default\\intermediates\\loader_out\\default\\ets",{"isDirectory":true,"fileSnapShotHashValue":"1531af629da35bc18f9c1075192030d9"}]]}},":FunUnion3:entry:default@CompileJS":{"_inputs":[{"dataType":"ValueEntry","value":"{\"_name\":\"debuggable\",\"_value\":true,\"_valueType\":\"boolean\"}"},{"dataType":"ValueEntry","value":"{\"_name\":\"isArk\",\"_value\":true,\"_valueType\":\"boolean\"}"},{"dataType":"ValueEntry","value":"{\"_name\":\"needCoverageInsert\",\"_value\":false,\"_valueType\":\"boolean\"}"},{"dataType":"ValueEntry","value":"{\"_name\":\"BUILTIN_TASK_COMMAND\",\"_value\":\"\",\"_valueType\":\"string\"}"},{"dataType":"ValueEntry","value":"{\"_name\":\"BUILTIN_TASK_TOOLCHAIN\",\"_value\":\"\",\"_valueType\":\"string\"}"},{"dataType":"ValueEntry","value":"{\"_name\":\"BUILTIN_TASK_ENV\",\"_value\":\"\",\"_valueType\":\"string\"}"}],"_successful":true,"_projectName":"FunUnion3","_moduleName":"entry","_taskName":"default@CompileJS","_key":":FunUnion3:entry:default@CompileJS","_executionId":":FunUnion3:entry:default@CompileJS:1711676685119","_inputFiles":{"dataType":"Map","value":[["D:\\HarmonyProjects\\MengYou\\Code\\FunUnion3\\entry\\build\\default\\intermediates\\loader\\default",{"isDirectory":true,"fileSnapShotHashValue":"f8325c4b54c98d0bc62fefb0082ab887"}],["D:\\HarmonyProjects\\MengYou\\Code\\FunUnion3\\entry\\build\\default\\intermediates\\res\\default\\ResourceTable.txt",{"fileSnapShotHashValue":"4d2991345c18c8bc6abe574f1430a652"}],["D:\\HarmonyProjects\\MengYou\\Code\\FunUnion3\\oh_modules\\.ohpm\\@ohos+axios@2.2.0\\oh_modules\\@ohos\\axios\\index.js",{"fileSnapShotHashValue":"89f9d9eebc6bd2f0d62b685b186a2078"}],["D:\\HarmonyProjects\\MengYou\\Code\\FunUnion3\\entry\\build\\default\\intermediates\\res\\default\\module.json",{"fileSnapShotHashValue":"c53299b450df239aed352ddd3449ae86"}],["D:\\HarmonyProjects\\MengYou\\Code\\FunUnion3\\entry\\build\\default\\intermediates\\res\\default\\resources\\base\\profile",{"isDirectory":true,"fileSnapShotHashValue":"4c91151a27df7d7385a10b83676c0090"}]]},"_outputFiles":{"dataType":"Map","value":[["D:\\HarmonyProjects\\MengYou\\Code\\FunUnion3\\entry\\build\\default\\intermediates\\loader_out\\default\\js",{"isDirectory":true,"fileSnapShotHashValue":""}]]}},":FunUnion3:entry:default@PackageHap":{"_inputs":[{"dataType":"ValueEntry","value":"{\"_name\":\"hotReload\",\"_value\":false,\"_valueType\":\"boolean\"}"},{"dataType":"ValueEntry","value":"{\"_name\":\"BUILTIN_TASK_COMMAND\",\"_value\":\"java,-Dfile.encoding=utf-8,-jar,C:\\\\Huawei\\\\SDK\\\\openharmony\\\\9\\\\toolchains\\\\lib\\\\app_packing_tool.jar,--mode,hap,--force,true,--lib-path,D:\\\\HarmonyProjects\\\\MengYou\\\\Code\\\\FunUnion3\\\\entry\\\\build\\\\default\\\\intermediates\\\\libs\\\\default,--json-path,D:\\\\HarmonyProjects\\\\MengYou\\\\Code\\\\FunUnion3\\\\entry\\\\build\\\\default\\\\intermediates\\\\res\\\\default\\\\module.json,--resources-path,D:\\\\HarmonyProjects\\\\MengYou\\\\Code\\\\FunUnion3\\\\entry\\\\build\\\\default\\\\intermediates\\\\res\\\\default\\\\resources,--index-path,D:\\\\HarmonyProjects\\\\MengYou\\\\Code\\\\FunUnion3\\\\entry\\\\build\\\\default\\\\intermediates\\\\res\\\\default\\\\resources.index,--pack-info-path,D:\\\\HarmonyProjects\\\\MengYou\\\\Code\\\\FunUnion3\\\\entry\\\\build\\\\default\\\\outputs\\\\default\\\\pack.info,--out-path,D:\\\\HarmonyProjects\\\\MengYou\\\\Code\\\\FunUnion3\\\\entry\\\\build\\\\default\\\\outputs\\\\default\\\\entry-default-unsigned.hap,--ets-path,D:\\\\HarmonyProjects\\\\MengYou\\\\Code\\\\FunUnion3\\\\entry\\\\build\\\\default\\\\intermediates\\\\loader_out\\\\default\\\\ets\",\"_valueType\":\"string\"}"},{"dataType":"ValueEntry","value":"{\"_name\":\"BUILTIN_TASK_TOOLCHAIN\",\"_value\":\"C:\\\\Huawei\\\\SDK\\\\openharmony\\\\9\\\\toolchains\\\\lib\\\\app_packing_tool.jar\",\"_valueType\":\"string\"}"},{"dataType":"ValueEntry","value":"{\"_name\":\"BUILTIN_TASK_ENV\",\"_value\":\"\",\"_valueType\":\"string\"}"}],"_successful":true,"_projectName":"FunUnion3","_moduleName":"entry","_taskName":"default@PackageHap","_key":":FunUnion3:entry:default@PackageHap","_executionId":":FunUnion3:entry:default@PackageHap:1711676690147","_inputFiles":{"dataType":"Map","value":[["D:\\HarmonyProjects\\MengYou\\Code\\FunUnion3\\entry\\build\\default\\intermediates\\libs\\default",{"isDirectory":false,"fileSnapShotHashValue":""}],["D:\\HarmonyProjects\\MengYou\\Code\\FunUnion3\\entry\\build\\default\\intermediates\\res\\default\\module.json",{"isDirectory":false,"fileSnapShotHashValue":"c53299b450df239aed352ddd3449ae86"}],["D:\\HarmonyProjects\\MengYou\\Code\\FunUnion3\\entry\\build\\default\\intermediates\\res\\default\\resources",{"isDirectory":false,"fileSnapShotHashValue":"8320b4d64bcb48d9b631e39ce072926a"}],["D:\\HarmonyProjects\\MengYou\\Code\\FunUnion3\\entry\\build\\default\\intermediates\\res\\default\\resources.index",{"isDirectory":false,"fileSnapShotHashValue":"bb1e39fe3924718dd6e1d8410ce97737"}],["D:\\HarmonyProjects\\MengYou\\Code\\FunUnion3\\entry\\build\\default\\outputs\\default\\pack.info",{"isDirectory":false,"fileSnapShotHashValue":"8ad1f7f82de57e8a9e7ab6fc9c58810e"}],["D:\\HarmonyProjects\\MengYou\\Code\\FunUnion3\\entry\\build\\default\\intermediates\\loader_out\\default\\ets",{"isDirectory":false,"fileSnapShotHashValue":"1531af629da35bc18f9c1075192030d9"}]]},"_outputFiles":{"dataType":"Map","value":[["D:\\HarmonyProjects\\MengYou\\Code\\FunUnion3\\entry\\build\\default\\outputs\\default\\entry-default-unsigned.hap",{"isDirectory":false,"fileSnapShotHashValue":"fdfd48a685ee7a160c99c1dd738c5a29"}]]}},":FunUnion3:entry:default@SignHap":{"_inputs":[{"dataType":"ValueEntry","value":"{\"_name\":\"sdkToolchainsComponentVersion\",\"_value\":\"3.2.12.5\",\"_valueType\":\"string\"}"},{"dataType":"ValueEntry","value":"{\"_name\":\"existSigningConfig\",\"_value\":true,\"_valueType\":\"boolean\"}"},{"dataType":"ValueEntry","value":"{\"_name\":\"signingConfig_name\",\"_value\":\"default\",\"_valueType\":\"string\"}"},{"dataType":"ValueEntry","value":"{\"_name\":\"signingConfig_type\",\"_value\":\"HarmonyOS\",\"_valueType\":\"string\"}"},{"dataType":"ValueEntry","value":"{\"_name\":\"existMaterial\",\"_value\":true,\"_valueType\":\"boolean\"}"},{"dataType":"ValueEntry","value":"{\"_name\":\"signingConfig_signAlg\",\"_value\":\"SHA256withECDSA\",\"_valueType\":\"string\"}"},{"dataType":"ValueEntry","value":"{\"_name\":\"signingConfig_keyAlias\",\"_value\":\"debugKey\",\"_valueType\":\"string\"}"},{"dataType":"ValueEntry","value":"{\"_name\":\"signingConfig_keyPassword\",\"_value\":\"0000001A67352B032D8C9708FBC6DF3EDC5D9CA31D9FCDC359E37D198DC13969BA117CE457CB26D55718\",\"_valueType\":\"string\"}"},{"dataType":"ValueEntry","value":"{\"_name\":\"signingConfig_storePassword\",\"_value\":\"0000001A6DF4326F49789CCE92A4B2F6A921CACCAC3766605B7EBEE90F599047B61BAABBC20EA55DFBD0\",\"_valueType\":\"string\"}"},{"dataType":"ValueEntry","value":"{\"_name\":\"BUILTIN_TASK_COMMAND\",\"_value\":\"\",\"_valueType\":\"string\"}"},{"dataType":"ValueEntry","value":"{\"_name\":\"BUILTIN_TASK_TOOLCHAIN\",\"_value\":\"\",\"_valueType\":\"string\"}"},{"dataType":"ValueEntry","value":"{\"_name\":\"BUILTIN_TASK_ENV\",\"_value\":\"\",\"_valueType\":\"string\"}"}],"_successful":true,"_projectName":"FunUnion3","_moduleName":"entry","_taskName":"default@SignHap","_key":":FunUnion3:entry:default@SignHap","_executionId":":FunUnion3:entry:default@SignHap:1711676691288","_inputFiles":{"dataType":"Map","value":[["C:\\Users\\issuser\\.ohos\\config\\auto_debug_FunUnion_com.snkey.sl1_260086000085660960.cer",{"isDirectory":false,"fileSnapShotHashValue":"7a8d5f3708c4dd4a0c975db5af36dd0b"}],["C:\\Users\\issuser\\.ohos\\config\\auto_debug_FunUnion_com.snkey.sl1_260086000085660960.p7b",{"isDirectory":false,"fileSnapShotHashValue":"2ca35a6b15ef3b21d76678d57027694e"}],["C:\\Users\\issuser\\.ohos\\config\\auto_debug_FunUnion_com.snkey.sl1_260086000085660960.p12",{"isDirectory":false,"fileSnapShotHashValue":"87baa98cce7dd1353d33a1045e0f8b63"}],["D:\\HarmonyProjects\\MengYou\\Code\\FunUnion3\\entry\\build\\default\\outputs\\default\\entry-default-unsigned.hap",{"isDirectory":false,"fileSnapShotHashValue":"fdfd48a685ee7a160c99c1dd738c5a29"}]]},"_outputFiles":{"dataType":"Map","value":[["D:\\HarmonyProjects\\MengYou\\Code\\FunUnion3\\entry\\build\\default\\outputs\\default\\entry-default-signed.hap",{"isDirectory":false,"fileSnapShotHashValue":"ee5eeb7f6b204a5fa75c7d7097a7f42b"}]]}}}