{
  "version": "1.0",
  "workerIdList": [
    -1
  ],
  "metrics": [
    {
      "type": "build_line",
      "endTime": 1711695977883,
      "status": "closed",
      "children": [],
      "name": "overallTime",
      "taskName": "default@PreBuild",
      "taskPath": "entry",
      "workerId": -1,
      "startTime": 1711695977762
    },
    {
      "type": "build_line",
      "endTime": 1711695977888,
      "status": "closed",
      "children": [],
      "name": "overallTime",
      "taskName": "default@MergeProfile",
      "taskPath": "entry",
      "workerId": -1,
      "startTime": 1711695977885
    },
    {
      "type": "build_line",
      "endTime": 1711695977898,
      "status": "closed",
      "children": [],
      "name": "overallTime",
      "taskName": "default@GenerateLoaderJson",
      "taskPath": "entry",
      "workerId": -1,
      "startTime": 1711695977894
    },
    {
      "type": "build_line",
      "endTime": 1711695978008,
      "status": "closed",
      "children": [],
      "name": "overallTime",
      "taskName": "default@ProcessProfile",
      "taskPath": "entry",
      "workerId": -1,
      "startTime": 1711695977902
    },
    {
      "type": "build_line",
      "endTime": 1711695978018,
      "status": "closed",
      "children": [],
      "name": "overallTime",
      "taskName": "default@PreviewProcessResource",
      "taskPath": "entry",
      "workerId": -1,
      "startTime": 1711695978014
    },
    {
      "type": "build_line",
      "endTime": 1711695978230,
      "status": "closed",
      "children": [],
      "name": "overallTime",
      "taskName": "default@PreviewCompileResource",
      "taskPath": "entry",
      "workerId": -1,
      "startTime": 1711695978022
    },
    {
      "type": "build_line",
      "endTime": 1711695978232,
      "status": "closed",
      "children": [],
      "name": "overallTime",
      "taskName": "default@PreviewHookCompileResource",
      "taskPath": "entry",
      "workerId": -1,
      "startTime": 1711695978232
    },
    {
      "type": "build_line",
      "endTime": 1711695978238,
      "status": "closed",
      "children": [],
      "name": "overallTime",
      "taskName": "default@ReplacePreviewerPage",
      "taskPath": "entry",
      "workerId": -1,
      "startTime": 1711695978233
    },
    {
      "type": "build_line",
      "endTime": 1711695978239,
      "status": "closed",
      "children": [],
      "name": "overallTime",
      "taskName": "buildPreviewerResource",
      "taskPath": "entry",
      "workerId": -1,
      "startTime": 1711695978239
    },
    {
      "type": "build_line",
      "endTime": 1711695978242,
      "status": "closed",
      "children": [],
      "name": "overallTime",
      "taskName": "default@PreviewUpdateAssets",
      "taskPath": "entry",
      "workerId": -1,
      "startTime": 1711695978240
    },
    {
      "type": "build_line",
      "endTime": 1711695984464,
      "status": "closed",
      "children": [],
      "name": "overallTime",
      "taskName": "default@PreviewArkTS",
      "taskPath": "entry",
      "workerId": -1,
      "startTime": 1711695978243
    },
    {
      "type": "build_line",
      "endTime": 1711695984468,
      "status": "closed",
      "children": [],
      "name": "overallTime",
      "taskName": "PreviewBuild",
      "taskPath": "entry",
      "workerId": -1,
      "startTime": 1711695984468
    },
    {
      "type": "build_line",
      "endTime": 1711699826443,
      "status": "closed",
      "children": [],
      "name": "overallTime",
      "taskName": "init",
      "taskPath": "entry",
      "workerId": -1,
      "startTime": 1711699826442
    },
    {
      "type": "build_line",
      "endTime": 1711699826448,
      "status": "closed",
      "children": [],
      "name": "overallTime",
      "taskName": "init",
      "taskPath": "FunUnion4",
      "workerId": -1,
      "startTime": 1711699826448
    },
    {
      "type": "build_line",
      "endTime": 1711699908069,
      "status": "closed",
      "children": [],
      "name": "overallTime",
      "taskName": "default@PreBuild",
      "taskPath": "entry",
      "workerId": -1,
      "startTime": 1711699908064
    },
    {
      "type": "build_line",
      "endTime": 1711699908080,
      "status": "closed",
      "children": [],
      "name": "overallTime",
      "taskName": "default@MergeProfile",
      "taskPath": "entry",
      "workerId": -1,
      "startTime": 1711699908076
    },
    {
      "type": "build_line",
      "endTime": 1711699908085,
      "status": "closed",
      "children": [],
      "name": "overallTime",
      "taskName": "default@GenerateLoaderJson",
      "taskPath": "entry",
      "workerId": -1,
      "startTime": 1711699908083
    },
    {
      "type": "build_line",
      "endTime": 1711699908093,
      "status": "closed",
      "children": [],
      "name": "overallTime",
      "taskName": "default@ProcessProfile",
      "taskPath": "entry",
      "workerId": -1,
      "startTime": 1711699908091
    },
    {
      "type": "build_line",
      "endTime": 1711699908098,
      "status": "closed",
      "children": [],
      "name": "overallTime",
      "taskName": "default@PreviewProcessResource",
      "taskPath": "entry",
      "workerId": -1,
      "startTime": 1711699908094
    },
    {
      "type": "build_line",
      "endTime": 1711699908312,
      "status": "closed",
      "children": [],
      "name": "overallTime",
      "taskName": "default@PreviewCompileResource",
      "taskPath": "entry",
      "workerId": -1,
      "startTime": 1711699908101
    },
    {
      "type": "build_line",
      "endTime": 1711699908313,
      "status": "closed",
      "children": [],
      "name": "overallTime",
      "taskName": "default@PreviewHookCompileResource",
      "taskPath": "entry",
      "workerId": -1,
      "startTime": 1711699908313
    },
    {
      "type": "build_line",
      "endTime": 1711699908318,
      "status": "closed",
      "children": [],
      "name": "overallTime",
      "taskName": "default@ReplacePreviewerPage",
      "taskPath": "entry",
      "workerId": -1,
      "startTime": 1711699908314
    },
    {
      "type": "build_line",
      "endTime": 1711699908319,
      "status": "closed",
      "children": [],
      "name": "overallTime",
      "taskName": "buildPreviewerResource",
      "taskPath": "entry",
      "workerId": -1,
      "startTime": 1711699908319
    },
    {
      "type": "build_line",
      "endTime": 1711699908322,
      "status": "closed",
      "children": [],
      "name": "overallTime",
      "taskName": "default@PreviewUpdateAssets",
      "taskPath": "entry",
      "workerId": -1,
      "startTime": 1711699908320
    },
    {
      "type": "build_line",
      "endTime": 1711699912725,
      "status": "closed",
      "children": [],
      "name": "overallTime",
      "taskName": "default@PreviewArkTS",
      "taskPath": "entry",
      "workerId": -1,
      "startTime": 1711699908323
    },
    {
      "type": "build_line",
      "endTime": 1711699912729,
      "status": "closed",
      "children": [],
      "name": "overallTime",
      "taskName": "PreviewBuild",
      "taskPath": "entry",
      "workerId": -1,
      "startTime": 1711699912729
    },
    {
      "type": "build_line",
      "endTime": 1711700892211,
      "status": "closed",
      "children": [],
      "name": "overallTime",
      "taskName": "init",
      "taskPath": "entry",
      "workerId": -1,
      "startTime": 1711700892209
    },
    {
      "type": "build_line",
      "endTime": 1711700892213,
      "status": "closed",
      "children": [],
      "name": "overallTime",
      "taskName": "init",
      "taskPath": "FunUnion4",
      "workerId": -1,
      "startTime": 1711700892213
    },
    {
      "type": "build_line",
      "endTime": 1711700982168,
      "status": "closed",
      "children": [],
      "name": "overallTime",
      "taskName": "default@PreBuild",
      "taskPath": "entry",
      "workerId": -1,
      "startTime": 1711700982167
    },
    {
      "type": "build_line",
      "endTime": 1711700982177,
      "status": "closed",
      "children": [],
      "name": "overallTime",
      "taskName": "default@MergeProfile",
      "taskPath": "entry",
      "workerId": -1,
      "startTime": 1711700982174
    },
    {
      "type": "build_line",
      "endTime": 1711700982183,
      "status": "closed",
      "children": [],
      "name": "overallTime",
      "taskName": "default@GenerateLoaderJson",
      "taskPath": "entry",
      "workerId": -1,
      "startTime": 1711700982182
    },
    {
      "type": "build_line",
      "endTime": 1711700982186,
      "status": "closed",
      "children": [],
      "name": "overallTime",
      "taskName": "default@ProcessProfile",
      "taskPath": "entry",
      "workerId": -1,
      "startTime": 1711700982185
    },
    {
      "type": "build_line",
      "endTime": 1711700982198,
      "status": "closed",
      "children": [],
      "name": "overallTime",
      "taskName": "default@PreviewProcessResource",
      "taskPath": "entry",
      "workerId": -1,
      "startTime": 1711700982192
    },
    {
      "type": "build_line",
      "endTime": 1711700982399,
      "status": "closed",
      "children": [],
      "name": "overallTime",
      "taskName": "default@PreviewCompileResource",
      "taskPath": "entry",
      "workerId": -1,
      "startTime": 1711700982200
    },
    {
      "type": "build_line",
      "endTime": 1711700982400,
      "status": "closed",
      "children": [],
      "name": "overallTime",
      "taskName": "default@PreviewHookCompileResource",
      "taskPath": "entry",
      "workerId": -1,
      "startTime": 1711700982400
    },
    {
      "type": "build_line",
      "endTime": 1711700982403,
      "status": "closed",
      "children": [],
      "name": "overallTime",
      "taskName": "default@ReplacePreviewerPage",
      "taskPath": "entry",
      "workerId": -1,
      "startTime": 1711700982401
    },
    {
      "type": "build_line",
      "endTime": 1711700982403,
      "status": "closed",
      "children": [],
      "name": "overallTime",
      "taskName": "buildPreviewerResource",
      "taskPath": "entry",
      "workerId": -1,
      "startTime": 1711700982403
    },
    {
      "type": "build_line",
      "endTime": 1711700982405,
      "status": "closed",
      "children": [],
      "name": "overallTime",
      "taskName": "default@PreviewUpdateAssets",
      "taskPath": "entry",
      "workerId": -1,
      "startTime": 1711700982404
    },
    {
      "type": "build_line",
      "endTime": 1711700986882,
      "status": "closed",
      "children": [],
      "name": "overallTime",
      "taskName": "default@PreviewArkTS",
      "taskPath": "entry",
      "workerId": -1,
      "startTime": 1711700982406
    },
    {
      "type": "build_line",
      "endTime": 1711700986885,
      "status": "closed",
      "children": [],
      "name": "overallTime",
      "taskName": "PreviewBuild",
      "taskPath": "entry",
      "workerId": -1,
      "startTime": 1711700986885
    },
    {
      "type": "build_line",
      "endTime": 1711701814399,
      "status": "closed",
      "children": [],
      "name": "overallTime",
      "taskName": "init",
      "taskPath": "entry",
      "workerId": -1,
      "startTime": 1711701814398
    },
    {
      "type": "build_line",
      "endTime": 1711701814401,
      "status": "closed",
      "children": [],
      "name": "overallTime",
      "taskName": "init",
      "taskPath": "FunUnion4",
      "workerId": -1,
      "startTime": 1711701814401
    },
    {
      "type": "build_line",
      "endTime": 1711701995947,
      "status": "closed",
      "children": [],
      "name": "overallTime",
      "taskName": "default@PreBuild",
      "taskPath": "entry",
      "workerId": -1,
      "startTime": 1711701995945
    },
    {
      "type": "build_line",
      "endTime": 1711701995955,
      "status": "closed",
      "children": [],
      "name": "overallTime",
      "taskName": "default@MergeProfile",
      "taskPath": "entry",
      "workerId": -1,
      "startTime": 1711701995952
    },
    {
      "type": "build_line",
      "endTime": 1711701995962,
      "status": "closed",
      "children": [],
      "name": "overallTime",
      "taskName": "default@GenerateLoaderJson",
      "taskPath": "entry",
      "workerId": -1,
      "startTime": 1711701995961
    },
    {
      "type": "build_line",
      "endTime": 1711701995970,
      "status": "closed",
      "children": [],
      "name": "overallTime",
      "taskName": "default@ProcessProfile",
      "taskPath": "entry",
      "workerId": -1,
      "startTime": 1711701995969
    },
    {
      "type": "build_line",
      "endTime": 1711701995973,
      "status": "closed",
      "children": [],
      "name": "overallTime",
      "taskName": "default@PreviewProcessResource",
      "taskPath": "entry",
      "workerId": -1,
      "startTime": 1711701995971
    },
    {
      "type": "build_line",
      "endTime": 1711701996164,
      "status": "closed",
      "children": [],
      "name": "overallTime",
      "taskName": "default@PreviewCompileResource",
      "taskPath": "entry",
      "workerId": -1,
      "startTime": 1711701995975
    },
    {
      "type": "build_line",
      "endTime": 1711701996166,
      "status": "closed",
      "children": [],
      "name": "overallTime",
      "taskName": "default@PreviewHookCompileResource",
      "taskPath": "entry",
      "workerId": -1,
      "startTime": 1711701996166
    },
    {
      "type": "build_line",
      "endTime": 1711701996169,
      "status": "closed",
      "children": [],
      "name": "overallTime",
      "taskName": "default@ReplacePreviewerPage",
      "taskPath": "entry",
      "workerId": -1,
      "startTime": 1711701996167
    },
    {
      "type": "build_line",
      "endTime": 1711701996169,
      "status": "closed",
      "children": [],
      "name": "overallTime",
      "taskName": "buildPreviewerResource",
      "taskPath": "entry",
      "workerId": -1,
      "startTime": 1711701996169
    },
    {
      "type": "build_line",
      "endTime": 1711701996174,
      "status": "closed",
      "children": [],
      "name": "overallTime",
      "taskName": "default@PreviewUpdateAssets",
      "taskPath": "entry",
      "workerId": -1,
      "startTime": 1711701996173
    },
    {
      "type": "build_line",
      "endTime": 1711702000514,
      "status": "closed",
      "children": [],
      "name": "overallTime",
      "taskName": "default@PreviewArkTS",
      "taskPath": "entry",
      "workerId": -1,
      "startTime": 1711701996175
    },
    {
      "type": "build_line",
      "endTime": 1711702000516,
      "status": "closed",
      "children": [],
      "name": "overallTime",
      "taskName": "PreviewBuild",
      "taskPath": "entry",
      "workerId": -1,
      "startTime": 1711702000516
    },
    {
      "type": "build_line",
      "endTime": 1711702780564,
      "status": "closed",
      "children": [],
      "name": "overallTime",
      "taskName": "init",
      "taskPath": "entry",
      "workerId": -1,
      "startTime": 1711702780563
    },
    {
      "type": "build_line",
      "endTime": 1711702780569,
      "status": "closed",
      "children": [],
      "name": "overallTime",
      "taskName": "init",
      "taskPath": "FunUnion4",
      "workerId": -1,
      "startTime": 1711702780569
    },
    {
      "type": "build_line",
      "endTime": 1711702954006,
      "status": "closed",
      "children": [],
      "name": "overallTime",
      "taskName": "default@PreBuild",
      "taskPath": "entry",
      "workerId": -1,
      "startTime": 1711702954005
    },
    {
      "type": "build_line",
      "endTime": 1711702954008,
      "status": "closed",
      "children": [],
      "name": "overallTime",
      "taskName": "default@MergeProfile",
      "taskPath": "entry",
      "workerId": -1,
      "startTime": 1711702954007
    },
    {
      "type": "build_line",
      "endTime": 1711702954010,
      "status": "closed",
      "children": [],
      "name": "overallTime",
      "taskName": "default@GenerateLoaderJson",
      "taskPath": "entry",
      "workerId": -1,
      "startTime": 1711702954009
    },
    {
      "type": "build_line",
      "endTime": 1711702954012,
      "status": "closed",
      "children": [],
      "name": "overallTime",
      "taskName": "default@ProcessProfile",
      "taskPath": "entry",
      "workerId": -1,
      "startTime": 1711702954011
    },
    {
      "type": "build_line",
      "endTime": 1711702954015,
      "status": "closed",
      "children": [],
      "name": "overallTime",
      "taskName": "default@PreviewProcessResource",
      "taskPath": "entry",
      "workerId": -1,
      "startTime": 1711702954013
    },
    {
      "type": "build_line",
      "endTime": 1711702954217,
      "status": "closed",
      "children": [],
      "name": "overallTime",
      "taskName": "default@PreviewCompileResource",
      "taskPath": "entry",
      "workerId": -1,
      "startTime": 1711702954017
    },
    {
      "type": "build_line",
      "endTime": 1711702954218,
      "status": "closed",
      "children": [],
      "name": "overallTime",
      "taskName": "default@PreviewHookCompileResource",
      "taskPath": "entry",
      "workerId": -1,
      "startTime": 1711702954218
    },
    {
      "type": "build_line",
      "endTime": 1711702954233,
      "status": "closed",
      "children": [],
      "name": "overallTime",
      "taskName": "default@ReplacePreviewerPage",
      "taskPath": "entry",
      "workerId": -1,
      "startTime": 1711702954231
    },
    {
      "type": "build_line",
      "endTime": 1711702954234,
      "status": "closed",
      "children": [],
      "name": "overallTime",
      "taskName": "buildPreviewerResource",
      "taskPath": "entry",
      "workerId": -1,
      "startTime": 1711702954234
    },
    {
      "type": "build_line",
      "endTime": 1711702954248,
      "status": "closed",
      "children": [],
      "name": "overallTime",
      "taskName": "default@PreviewUpdateAssets",
      "taskPath": "entry",
      "workerId": -1,
      "startTime": 1711702954246
    },
    {
      "type": "build_line",
      "endTime": 1711702960325,
      "status": "closed",
      "children": [],
      "name": "overallTime",
      "taskName": "default@PreviewArkTS",
      "taskPath": "entry",
      "workerId": -1,
      "startTime": 1711702954249
    },
    {
      "type": "build_line",
      "endTime": 1711702960326,
      "status": "closed",
      "children": [],
      "name": "overallTime",
      "taskName": "PreviewBuild",
      "taskPath": "entry",
      "workerId": -1,
      "startTime": 1711702960326
    },
    {
      "type": "build_line",
      "endTime": 1711703657433,
      "status": "closed",
      "children": [],
      "name": "overallTime",
      "taskName": "default@PreBuild",
      "taskPath": "entry",
      "workerId": -1,
      "startTime": 1711703657432
    },
    {
      "type": "build_line",
      "endTime": 1711703657435,
      "status": "closed",
      "children": [],
      "name": "overallTime",
      "taskName": "default@MergeProfile",
      "taskPath": "entry",
      "workerId": -1,
      "startTime": 1711703657434
    },
    {
      "type": "build_line",
      "endTime": 1711703657438,
      "status": "closed",
      "children": [],
      "name": "overallTime",
      "taskName": "default@GenerateLoaderJson",
      "taskPath": "entry",
      "workerId": -1,
      "startTime": 1711703657437
    },
    {
      "type": "build_line",
      "endTime": 1711703657440,
      "status": "closed",
      "children": [],
      "name": "overallTime",
      "taskName": "default@ProcessProfile",
      "taskPath": "entry",
      "workerId": -1,
      "startTime": 1711703657440
    },
    {
      "type": "build_line",
      "endTime": 1711703657443,
      "status": "closed",
      "children": [],
      "name": "overallTime",
      "taskName": "default@PreviewProcessResource",
      "taskPath": "entry",
      "workerId": -1,
      "startTime": 1711703657441
    },
    {
      "type": "build_line",
      "endTime": 1711703657644,
      "status": "closed",
      "children": [],
      "name": "overallTime",
      "taskName": "default@PreviewCompileResource",
      "taskPath": "entry",
      "workerId": -1,
      "startTime": 1711703657445
    },
    {
      "type": "build_line",
      "endTime": 1711703657645,
      "status": "closed",
      "children": [],
      "name": "overallTime",
      "taskName": "default@PreviewHookCompileResource",
      "taskPath": "entry",
      "workerId": -1,
      "startTime": 1711703657645
    },
    {
      "type": "build_line",
      "endTime": 1711703657648,
      "status": "closed",
      "children": [],
      "name": "overallTime",
      "taskName": "default@ReplacePreviewerPage",
      "taskPath": "entry",
      "workerId": -1,
      "startTime": 1711703657646
    },
    {
      "type": "build_line",
      "endTime": 1711703657648,
      "status": "closed",
      "children": [],
      "name": "overallTime",
      "taskName": "buildPreviewerResource",
      "taskPath": "entry",
      "workerId": -1,
      "startTime": 1711703657648
    },
    {
      "type": "build_line",
      "endTime": 1711703657660,
      "status": "closed",
      "children": [],
      "name": "overallTime",
      "taskName": "default@PreviewUpdateAssets",
      "taskPath": "entry",
      "workerId": -1,
      "startTime": 1711703657658
    },
    {
      "type": "build_line",
      "endTime": 1711703662055,
      "status": "closed",
      "children": [],
      "name": "overallTime",
      "taskName": "default@PreviewArkTS",
      "taskPath": "entry",
      "workerId": -1,
      "startTime": 1711703657674
    },
    {
      "type": "build_line",
      "endTime": 1711703662058,
      "status": "closed",
      "children": [],
      "name": "overallTime",
      "taskName": "PreviewBuild",
      "taskPath": "entry",
      "workerId": -1,
      "startTime": 1711703662058
    }
  ],
  "workLog": []
}